<?xml version="1.0"?>
<doc>
    <assembly>
        <name>HPYL.Model</name>
    </assembly>
    <members>
        <member name="T:HPYL.Model.Agreement">
            <summary>
            注册协议表
            </summary>
        </member>
        <member name="P:HPYL.Model.Agreement.Id">
            <summary>
            id
            </summary>
        </member>
        <member name="P:HPYL.Model.Agreement.AgreementType">
            <summary>
            类型
            </summary>
        </member>
        <member name="P:HPYL.Model.Agreement.AgreementContent">
            <summary>
            内容
            </summary>
        </member>
        <member name="P:HPYL.Model.Agreement.LastUpdateTime">
            <summary>
            更新时间
            </summary>
        </member>
        <member name="P:HPYL.Model.ArticleCategories.Id">
            <summary>
            auto_increment
            </summary>
        </member>
        <member name="P:HPYL.Model.ArticleCategories.ParentCategoryId">
            <summary>
            
            </summary>
        </member>
        <member name="P:HPYL.Model.ArticleCategories.Name">
            <summary>
            
            </summary>
        </member>
        <member name="P:HPYL.Model.ArticleCategories.DisplaySequence">
            <summary>
            
            </summary>
        </member>
        <member name="P:HPYL.Model.ArticleCategories.IsDefault">
            <summary>
            
            </summary>
        </member>
        <member name="P:HPYL.Model.Articles.Id">
            <summary>
            auto_increment
            </summary>
        </member>
        <member name="P:HPYL.Model.Articles.CategoryId">
            <summary>
            
            </summary>
        </member>
        <member name="P:HPYL.Model.Articles.Title">
            <summary>
            
            </summary>
        </member>
        <member name="P:HPYL.Model.Articles.IconUrl">
            <summary>
            
            </summary>
        </member>
        <member name="P:HPYL.Model.Articles.Content">
            <summary>
            
            </summary>
        </member>
        <member name="P:HPYL.Model.Articles.AddDate">
            <summary>
            
            </summary>
        </member>
        <member name="P:HPYL.Model.Articles.DisplaySequence">
            <summary>
            
            </summary>
        </member>
        <member name="P:HPYL.Model.Articles.Meta_Title">
            <summary>
            
            </summary>
        </member>
        <member name="P:HPYL.Model.Articles.Meta_Description">
            <summary>
            
            </summary>
        </member>
        <member name="P:HPYL.Model.Articles.Meta_Keywords">
            <summary>
            
            </summary>
        </member>
        <member name="P:HPYL.Model.Articles.IsRelease">
            <summary>
            
            </summary>
        </member>
        <member name="T:HPYL.Model.AdviceArticle">
            <summary>
            医嘱文章
            </summary>
        </member>
        <member name="P:HPYL.Model.AdviceArticle.HAA_ID">
            <summary>
            标识列
            </summary>
        </member>
        <member name="P:HPYL.Model.AdviceArticle.HFT_ID">
            <summary>
            诊所项目类ID
            </summary>
        </member>
        <member name="P:HPYL.Model.AdviceArticle.HAA_Title">
            <summary>
            文章标题
            </summary>
        </member>
        <member name="P:HPYL.Model.AdviceArticle.HAA_PicUrl">
            <summary>
            文章封面
            </summary>
        </member>
        <member name="P:HPYL.Model.AdviceArticle.HAA_Content">
            <summary>
            文章内容
            </summary>
        </member>
        <member name="P:HPYL.Model.AdviceArticle.HAA_State">
            <summary>
            启用状态
            </summary>
        </member>
        <member name="P:HPYL.Model.DoctorFollowContent.HDC_ID">
            <summary>
            标识列
            </summary>
        </member>
        <member name="P:HPYL.Model.DoctorFollowContent.HAA_ID">
            <summary>
            文章ID
            </summary>
        </member>
        <member name="P:HPYL.Model.DoctorFollowContent.HDC_Days">
            <summary>
            随访天数
            </summary>
        </member>
        <member name="P:HPYL.Model.DoctorFollowContent.HDC_StratTime">
            <summary>
            开始随访时间
            </summary>
        </member>
        <member name="P:HPYL.Model.DoctorFollowContent.HDC_Content">
            <summary>
            随访内容
            </summary>
        </member>
        <member name="P:HPYL.Model.BaseDoctorFollowPlan.HAA_ID">
            <summary>
            模板ID （必填）
            </summary>
        </member>
        <member name="P:HPYL.Model.BaseDoctorFollowPlan.HDP_UserId">
            <summary>
            创建人ID(当前登录人的ID)（必填）
            </summary>
        </member>
        <member name="P:HPYL.Model.BaseDoctorFollowPlan.HDP_Remind">
            <summary>
            提醒方式（0 患者 1 自己 2 全部）（必填）
            </summary>
        </member>
        <member name="P:HPYL.Model.BaseDoctorFollowPlan.HDP_DoctorId">
            <summary>
            随访医生ID（必填）
            </summary>
        </member>
        <member name="P:HPYL.Model.BaseDoctorFollowPlan.HDP_PatientId">
            <summary>
            患者ID（必填）
            </summary>
        </member>
        <member name="P:HPYL.Model.DoctorFollowPlan.HDP_ID">
            <summary>
            标识列
            </summary>
        </member>
        <member name="P:HPYL.Model.DoctorFollowPlan.HDP_CreateTime">
            <summary>
            开始时间
            </summary>
        </member>
        <member name="P:HPYL.Model.DoctorFollowPlan.HDP_Content">
            <summary>
            随访内容
            </summary>
        </member>
        <member name="P:HPYL.Model.DoctorFollowPlan.HDP_State">
            <summary>
            随访状态,不需要传递
            </summary>
        </member>
        <member name="P:HPYL.Model.BaseFollowPlan.HTP_ID">
            <summary>
            模板ID （必填）
            </summary>
        </member>
        <member name="P:HPYL.Model.BaseFollowPlan.HFP_Name">
            <summary>
            随方名称（必填）
            </summary>
        </member>
        <member name="P:HPYL.Model.BaseFollowPlan.HFP_UserId">
            <summary>
            创建人ID(当前登录人的ID)（必填）
            </summary>
        </member>
        <member name="P:HPYL.Model.BaseFollowPlan.HFP_Remind">
            <summary>
            提醒方式（0 患者 1 自己 2 全部）（必填）
            </summary>
        </member>
        <member name="P:HPYL.Model.BaseFollowPlan.HFP_DoctorId">
            <summary>
            随访医生ID（必填）
            </summary>
        </member>
        <member name="P:HPYL.Model.BaseFollowPlan.HFP_PatientId">
            <summary>
            患者ID（必填）
            </summary>
        </member>
        <member name="T:HPYL.Model.FollowPlan">
            <summary>
            随访计划
            </summary>
        </member>
        <member name="P:HPYL.Model.FollowPlan.HFP_ID">
            <summary>
            标识（删除更新时必填）
            </summary>
        </member>
        <member name="P:HPYL.Model.FollowPlan.HFP_CreateTime">
            <summary>
            开始时间 格式如：2018-01-27（必填）
            </summary>
        </member>
        <member name="P:HPYL.Model.FollowPlan.HFP_Content">
             <summary>
            随访内容（必填）
             </summary>
        </member>
        <member name="P:HPYL.Model.FollowPlan.HFP_State">
            <summary>
            随访状态，不需要传递
            </summary>
        </member>
        <member name="T:HPYL.Model.MyPlanListDate">
            <summary>
            我的随访计划计划 时间列表
            </summary>
        </member>
        <member name="T:HPYL.Model.ReadFollowPlanContent">
            <summary>
            随访计划内容新增返回结果
            </summary>
        </member>
        <member name="P:HPYL.Model.ReadFollowPlanContent.HTP_StartDate">
            <summary>
            开始时间
            </summary>
        </member>
        <member name="P:HPYL.Model.ReadFollowPlanContent.PlanContentList">
            <summary>
            模板内容
            </summary>
        </member>
        <member name="T:HPYL.Model.FollowPlanContent">
            <summary>
            随访计划内容
            </summary>
        </member>
        <member name="P:HPYL.Model.FollowPlanContent.HFC_ID">
            <summary>
            标识
            </summary>
        </member>
        <member name="P:HPYL.Model.FollowPlanContent.HFC_Days">
            <summary>
            随访时间（天）
            </summary>
        </member>
        <member name="P:HPYL.Model.FollowPlanContent.HFC_StartTime">
            <summary>
            提醒时间
            </summary>
        </member>
        <member name="P:HPYL.Model.FollowPlanContent.HFC_Content">
            <summary>
            随访内容
            </summary>
        </member>
        <member name="T:HPYL.Model.BaseFollowTemPlate">
            <summary>
            APP随访计划模板表
            </summary>
        </member>
        <member name="P:HPYL.Model.BaseFollowTemPlate.HTP_ID">
            <summary>
            标识
            </summary>
        </member>
        <member name="P:HPYL.Model.BaseFollowTemPlate.HFT_ID">
            <summary>
            诊疗项目ID 
            </summary>
        </member>
        <member name="P:HPYL.Model.BaseFollowTemPlate.HTP_Name">
            <summary>
            随方名称
            </summary>
        </member>
        <member name="T:HPYL.Model.FollowTemPlate">
            <summary>
            随访计划模板表
            </summary>
        </member>
        <member name="P:HPYL.Model.FollowTemPlate.HTP_State">
            <summary>
            启用状态（0 未启用 1 启用）
            </summary>
        </member>
        <member name="P:HPYL.Model.FollowTemPlate.HTP_CreateTime">
            <summary>
            创建时间
            </summary>
        </member>
        <member name="P:HPYL.Model.FollowTemPlate.HTP_UserId">
            <summary>
            创建用户ID
            </summary>
        </member>
        <member name="T:HPYL.Model.BaseFollowType">
            <summary>
            诊疗科目
            </summary>
            
        </member>
        <member name="P:HPYL.Model.BaseFollowType.HFT_ID">
            <summary>
            类别ID
            </summary>
        </member>
        <member name="P:HPYL.Model.BaseFollowType.HFT_Name">
            <summary>
            类别名称
            </summary>
        </member>
        <member name="T:HPYL.Model.GetFollowType">
            <summary>
            一级分类
            </summary>
        </member>
        <member name="T:HPYL.Model.SecondList">
            <summary>
            二级分类
            </summary>
        </member>
        <member name="T:HPYL.Model.FollowType">
            <summary>
            诊疗科目
            </summary>
        </member>
        <member name="P:HPYL.Model.FollowType.HFT_ID">
            <summary>
            标识
            </summary>
        </member>
        <member name="P:HPYL.Model.FollowType.HFT_ShopId">
            <summary>
            诊所Id（必填）
            </summary>
        </member>
        <member name="P:HPYL.Model.FollowType.HFT_ParentId">
            <summary>
            父类ID（必填）
            </summary>
        </member>
        <member name="P:HPYL.Model.FollowType.HFT_Name">
            <summary>
            项目名称（必填）
            </summary>
        </member>
        <member name="P:HPYL.Model.FollowType.HFT_UserId">
            <summary>
            创建人Id（必填）
            </summary>
        </member>
        <member name="P:HPYL.Model.FollowType.HFT_CreateTime">
            <summary>
            创建时间
            </summary>
        </member>
        <member name="P:HPYL.Model.FollowType.HFT_State">
            <summary>
            启用状态(0 未启用 1启用)
            </summary>
        </member>
        <member name="P:HPYL.Model.FollowType.HFT_Layer">
            <summary>
            层级
            </summary>
        </member>
        <member name="M:HPYL.Model.FollowType.Create">
            <summary>
            初始化数据
            </summary>
        </member>
        <member name="T:HPYL.Model.LoginMembers">
            <summary>
            数据访问类:LoginMembers
            </summary>
        </member>
        <member name="P:HPYL.Model.LoginMembers.LoginPhone">
            <summary>
            手机号
            </summary>
        </member>
        <member name="P:HPYL.Model.LoginMembers.PhoneCode">
            <summary>
            动态密码
            </summary>
        </member>
        <!-- 对于成员“P:HPYL.Model.Members.Id”忽略有格式错误的 XML 注释 -->
        <member name="P:HPYL.Model.Members.UserName">
            <summary>
            
            </summary>
        </member>
        <member name="P:HPYL.Model.Members.Password">
            <summary>
            
            </summary>
        </member>
        <member name="P:HPYL.Model.Members.PasswordSalt">
            <summary>
            
            </summary>
        </member>
        <member name="P:HPYL.Model.Members.Nick">
            <summary>
            
            </summary>
        </member>
        <member name="P:HPYL.Model.Members.Sex">
            <summary>
            
            </summary>
        </member>
        <member name="P:HPYL.Model.Members.Email">
            <summary>
            
            </summary>
        </member>
        <member name="P:HPYL.Model.Members.CreateDate">
            <summary>
            
            </summary>
        </member>
        <member name="P:HPYL.Model.Members.TopRegionId">
            <summary>
            
            </summary>
        </member>
        <member name="P:HPYL.Model.Members.RegionId">
            <summary>
            
            </summary>
        </member>
        <member name="P:HPYL.Model.Members.RealName">
            <summary>
            
            </summary>
        </member>
        <member name="P:HPYL.Model.Members.CellPhone">
            <summary>
            
            </summary>
        </member>
        <member name="P:HPYL.Model.Members.QQ">
            <summary>
            
            </summary>
        </member>
        <member name="P:HPYL.Model.Members.Address">
            <summary>
            
            </summary>
        </member>
        <member name="P:HPYL.Model.Members.Disabled">
            <summary>
            
            </summary>
        </member>
        <member name="P:HPYL.Model.Members.LastLoginDate">
            <summary>
            
            </summary>
        </member>
        <member name="P:HPYL.Model.Members.OrderNumber">
            <summary>
            
            </summary>
        </member>
        <member name="P:HPYL.Model.Members.TotalAmount">
            <summary>
            
            </summary>
        </member>
        <member name="P:HPYL.Model.Members.Expenditure">
            <summary>
            
            </summary>
        </member>
        <member name="P:HPYL.Model.Members.Points">
            <summary>
            
            </summary>
        </member>
        <member name="P:HPYL.Model.Members.Photo">
            <summary>
            
            </summary>
        </member>
        <member name="P:HPYL.Model.Members.ParentSellerId">
            <summary>
            
            </summary>
        </member>
        <member name="P:HPYL.Model.Members.Remark">
            <summary>
            
            </summary>
        </member>
        <member name="P:HPYL.Model.Members.PayPwd">
            <summary>
            
            </summary>
        </member>
        <member name="P:HPYL.Model.Members.PayPwdSalt">
            <summary>
            
            </summary>
        </member>
        <member name="P:HPYL.Model.Members.InviteUserId">
            <summary>
            
            </summary>
        </member>
        <member name="P:HPYL.Model.Members.ShareUserId">
            <summary>
            
            </summary>
        </member>
        <member name="P:HPYL.Model.Members.BirthDay">
            <summary>
            
            </summary>
        </member>
        <member name="P:HPYL.Model.Members.Occupation">
            <summary>
            
            </summary>
        </member>
        <member name="P:HPYL.Model.Members.NetAmount">
            <summary>
            
            </summary>
        </member>
        <member name="P:HPYL.Model.Members.LastConsumptionTime">
            <summary>
            
            </summary>
        </member>
        <member name="T:HPYL.Model.MRegister">
            <summary>
            注册模型
            </summary>
        </member>
        <member name="P:HPYL.Model.MRegister.Id">
            <summary>
            auto_increment
            </summary>
        </member>
        <member name="P:HPYL.Model.MRegister.UserName">
            <summary>
            
            </summary>
        </member>
        <member name="P:HPYL.Model.MRegister.Password">
            <summary>
            
            </summary>
        </member>
        <member name="P:HPYL.Model.MRegister.PasswordSalt">
            <summary>
            
            </summary>
        </member>
        <member name="P:HPYL.Model.MRegister.Nick">
            <summary>
            
            </summary>
        </member>
        <member name="P:HPYL.Model.MRegister.Sex">
            <summary>
            
            </summary>
        </member>
        <member name="P:HPYL.Model.MRegister.Email">
            <summary>
            
            </summary>
        </member>
        <member name="P:HPYL.Model.MRegister.CreateDate">
            <summary>
            
            </summary>
        </member>
        <member name="P:HPYL.Model.MRegister.TopRegionId">
            <summary>
            
            </summary>
        </member>
        <member name="P:HPYL.Model.MRegister.RegionId">
            <summary>
            
            </summary>
        </member>
        <member name="P:HPYL.Model.MRegister.RealName">
            <summary>
            
            </summary>
        </member>
        <member name="P:HPYL.Model.MRegister.CellPhone">
            <summary>
            
            </summary>
        </member>
        <member name="P:HPYL.Model.MRegister.QQ">
            <summary>
            
            </summary>
        </member>
        <member name="P:HPYL.Model.MRegister.Address">
            <summary>
            
            </summary>
        </member>
        <member name="P:HPYL.Model.MRegister.Disabled">
            <summary>
            
            </summary>
        </member>
        <member name="P:HPYL.Model.MRegister.LastLoginDate">
            <summary>
            
            </summary>
        </member>
        <member name="P:HPYL.Model.MRegister.OrderNumber">
            <summary>
            
            </summary>
        </member>
        <member name="P:HPYL.Model.MRegister.TotalAmount">
            <summary>
            
            </summary>
        </member>
        <member name="P:HPYL.Model.MRegister.Expenditure">
            <summary>
            
            </summary>
        </member>
        <member name="P:HPYL.Model.MRegister.Points">
            <summary>
            
            </summary>
        </member>
        <member name="P:HPYL.Model.MRegister.Photo">
            <summary>
            
            </summary>
        </member>
        <member name="P:HPYL.Model.MRegister.ParentSellerId">
            <summary>
            
            </summary>
        </member>
        <member name="P:HPYL.Model.MRegister.Remark">
            <summary>
            
            </summary>
        </member>
        <member name="P:HPYL.Model.MRegister.PayPwd">
            <summary>
            
            </summary>
        </member>
        <member name="P:HPYL.Model.MRegister.PayPwdSalt">
            <summary>
            
            </summary>
        </member>
        <member name="P:HPYL.Model.MRegister.InviteUserId">
            <summary>
            
            </summary>
        </member>
        <member name="P:HPYL.Model.MRegister.ShareUserId">
            <summary>
            
            </summary>
        </member>
        <member name="P:HPYL.Model.MRegister.BirthDay">
            <summary>
            
            </summary>
        </member>
        <member name="P:HPYL.Model.MRegister.Occupation">
            <summary>
            
            </summary>
        </member>
        <member name="P:HPYL.Model.MRegister.NetAmount">
            <summary>
            
            </summary>
        </member>
        <member name="P:HPYL.Model.MRegister.LastConsumptionTime">
            <summary>
            
            </summary>
        </member>
        <member name="T:HPYL.Model.MysqlTest">
            <summary>
            utest:实体类(属性说明自动提取数据库字段的描述信息)
            </summary>
        </member>
        <!-- 对于成员“P:HPYL.Model.MysqlTest.Id”忽略有格式错误的 XML 注释 -->
        <member name="P:HPYL.Model.MysqlTest.Name">
            <summary>
            
            </summary>
            
        </member>
        <member name="P:HPYL.Model.MysqlTest.Sex">
            <summary>
            
            </summary>
        </member>
        <member name="T:HPYL.Model.InfoToUser">
            <summary>
            用户信息操作类 如查询 删除
            </summary>
        </member>
        <member name="P:HPYL.Model.InfoToUser.UserID">
            <summary>
            当前登录用户(必填)
            </summary>
        </member>
        <member name="P:HPYL.Model.InfoToUser.KeyId">
            <summary>
            操作信息标识(必填)
            </summary>
        </member>
        <member name="T:HPYL.Model.BaseQuickReply">
            <summary>
            
            </summary>
        </member>
        <member name="P:HPYL.Model.BaseQuickReply.HQR_Content">
            <summary>
            快捷回复内容(必填)
            </summary>
        </member>
        <member name="P:HPYL.Model.BaseQuickReply.HQR_UserId">
            <summary>
            创建者(必填)
            </summary>
        </member>
        <member name="T:HPYL.Model.QuickReply">
            <summary>
            快捷回复
            </summary>
        </member>
        <member name="P:HPYL.Model.QuickReply.HQR_ID">
            <summary>
            标识列 (必填)
            </summary>
        </member>
        <member name="P:HPYL.Model.QuickReply.HQR_Time">
            <summary>
            创建时间 非必填
            </summary>
        </member>
        <member name="T:HPYL.Model.BaseReferrallog">
            <summary>
            转诊基础类
            </summary>
        </member>
        <member name="P:HPYL.Model.BaseReferrallog.HRL_PatientId">
            <summary>
            患者ID(必填)
            </summary>
        </member>
        <member name="P:HPYL.Model.BaseReferrallog.HRL_Info">
            <summary>
            患者主诉信息 (必填)
            </summary>
        </member>
        <member name="P:HPYL.Model.BaseReferrallog.HRL_DoctorId">
            <summary>
            接诊医生(必填)
            </summary>
        </member>
        <member name="P:HPYL.Model.BaseReferrallog.HRL_Commission">
            <summary>
            分成比例(必填)
            </summary>
        </member>
        <member name="P:HPYL.Model.BaseReferrallog.HRL_UserID">
            <summary>
            当前登录医生ID(必填)
            </summary>
        </member>
        <member name="P:HPYL.Model.BaseReferrallog.HRL_Remark">
            <summary>
            给医生的备注 (非必填)
            </summary>
        </member>
        <member name="P:HPYL.Model.Referrallog.HRL_ID">
            <summary>
            标识列
            </summary>
        </member>
        <member name="P:HPYL.Model.Referrallog.HRL_State">
            <summary>
            转诊状态(0 待接诊 1 已接诊 2 已完诊)
            </summary>
        </member>
        <member name="P:HPYL.Model.Referrallog.HRL_CreateTime">
            <summary>
            转诊时间
            </summary>
        </member>
        <member name="P:HPYL.Model.Referrallog.HRL_ReceiveTime">
            <summary>
            接诊时间
            </summary>
        </member>
        <member name="T:HPYL.Model.SMS.MSMS">
            <summary>
            发送短信模型
            </summary>
        </member>
        <member name="P:HPYL.Model.SMS.MSMS.Phone">
            <summary>
            手机号
            </summary>
        </member>
        <member name="P:HPYL.Model.SMS.MSMS.Message">
            <summary>
            发送消息
            </summary>
        </member>
        <member name="P:HPYL.Model.SMS.MSMS.code">
            <summary>
            发送验证码
            </summary>
        </member>
        <member name="P:HPYL.Model.SMS.MSMS.sigin">
            <summary>
            发送类型
            </summary>
        </member>
        <member name="P:HPYL.Model.SMS.ShortMessage.Returnstatus">
            <summary>
            返回状态值：成功返回Success 失败返回：Faild
            </summary>
        </member>
        <member name="P:HPYL.Model.SMS.ShortMessage.Message">
            <summary>
            相关的错误描述
            </summary>
        </member>
        <member name="P:HPYL.Model.SMS.ShortMessage.Remainpoint">
            <summary>
            返回余额
            </summary>
        </member>
        <member name="P:HPYL.Model.SMS.ShortMessage.TaskID">
            <summary>
            返回本次任务的序列ID
            </summary>
        </member>
        <member name="P:HPYL.Model.SMS.ShortMessage.SuccessCounts">
            <summary>
            成功短信数：当成功后返回提交成功短信数
            </summary>
        </member>
    </members>
</doc>
