<?xml version="1.0"?>
<doc>
    <assembly>
        <name>HPYL.Model</name>
    </assembly>
    <members>
        <member name="T:HPYL.Model.Agreement">
            <summary>
            注册协议表
            </summary>
        </member>
        <member name="P:HPYL.Model.Agreement.Id">
            <summary>
            id
            </summary>
        </member>
        <member name="P:HPYL.Model.Agreement.AgreementType">
            <summary>
            类型
            </summary>
        </member>
        <member name="P:HPYL.Model.Agreement.AgreementContent">
            <summary>
            内容
            </summary>
        </member>
        <member name="P:HPYL.Model.Agreement.LastUpdateTime">
            <summary>
            更新时间
            </summary>
        </member>
        <member name="P:HPYL.Model.ArticleCategories.Id">
            <summary>
            auto_increment
            </summary>
        </member>
        <member name="P:HPYL.Model.ArticleCategories.ParentCategoryId">
            <summary>
            
            </summary>
        </member>
        <member name="P:HPYL.Model.ArticleCategories.Name">
            <summary>
            
            </summary>
        </member>
        <member name="P:HPYL.Model.ArticleCategories.DisplaySequence">
            <summary>
            
            </summary>
        </member>
        <member name="P:HPYL.Model.ArticleCategories.IsDefault">
            <summary>
            
            </summary>
        </member>
        <member name="P:HPYL.Model.Articles.Id">
            <summary>
            auto_increment
            </summary>
        </member>
        <member name="P:HPYL.Model.Articles.CategoryId">
            <summary>
            
            </summary>
        </member>
        <member name="P:HPYL.Model.Articles.Title">
            <summary>
            
            </summary>
        </member>
        <member name="P:HPYL.Model.Articles.IconUrl">
            <summary>
            
            </summary>
        </member>
        <member name="P:HPYL.Model.Articles.Content">
            <summary>
            
            </summary>
        </member>
        <member name="P:HPYL.Model.Articles.AddDate">
            <summary>
            
            </summary>
        </member>
        <member name="P:HPYL.Model.Articles.DisplaySequence">
            <summary>
            
            </summary>
        </member>
        <member name="P:HPYL.Model.Articles.Meta_Title">
            <summary>
            
            </summary>
        </member>
        <member name="P:HPYL.Model.Articles.Meta_Description">
            <summary>
            
            </summary>
        </member>
        <member name="P:HPYL.Model.Articles.Meta_Keywords">
            <summary>
            
            </summary>
        </member>
        <member name="P:HPYL.Model.Articles.IsRelease">
            <summary>
            
            </summary>
        </member>
        <member name="T:HPYL.Model.BaseCalendar">
            <summary>
            日历
            </summary>
        </member>
        <member name="P:HPYL.Model.BaseCalendar.year">
            <summary>
            年份
            </summary>
        </member>
        <member name="P:HPYL.Model.BaseCalendar.month">
            <summary>
            月份
            </summary>
        </member>
        <member name="P:HPYL.Model.BaseCalendar.day">
            <summary>
            日
            </summary>
        </member>
        <member name="P:HPYL.Model.BaseCalendar.totalnum">
            <summary>
            可接诊人数
            </summary>
        </member>
        <member name="P:HPYL.Model.BaseCalendar.receivenum">
            <summary>
            已预约人数
            </summary>
        </member>
        <member name="T:HPYL.Model.GDCalendar">
            <summary>
            固定排班
            </summary>
        </member>
        <member name="P:HPYL.Model.GDCalendar.week">
            <summary>
            周几
            </summary>
        </member>
        <member name="P:HPYL.Model.GDCalendar.state">
            <summary>
            状态
            </summary>
        </member>
        <member name="P:HPYL.Model.GDCalendar.total">
            <summary>
            接诊数量
            </summary>
        </member>
        <member name="T:HPYL.Model.ZDYCalendar">
            <summary>
            自定义排班
            </summary>
        </member>
        <member name="P:HPYL.Model.ZDYCalendar.date">
            <summary>
            日期
            </summary>
        </member>
        <member name="P:HPYL.Model.ZDYCalendar.state">
            <summary>
            状态
            </summary>
        </member>
        <member name="P:HPYL.Model.ZDYCalendar.total">
            <summary>
            接诊数量
            </summary>
        </member>
        <member name="T:HPYL.Model.BookingTime">
            <summary>
            预约时间段
            </summary>
        </member>
        <member name="P:HPYL.Model.BookingTime.startTime">
            <summary>
            开始时间
            </summary>
        </member>
        <member name="P:HPYL.Model.BookingTime.endTime">
            <summary>
            结束时间
            </summary>
        </member>
        <member name="T:HPYL.Model.BookingList">
            <summary>
            预约列表
            </summary>
        </member>
        <member name="P:HPYL.Model.BookingList.Title">
            <summary>
            组合标题
            </summary>
        </member>
        <member name="P:HPYL.Model.BookingList.total">
            <summary>
            待确认数
            </summary>
        </member>
        <member name="P:HPYL.Model.BookingList.BookingUser">
            <summary>
            预约用户列表
            </summary>
        </member>
        <member name="T:HPYL.Model.BookingUser">
            <summary>
            预约用户信息
            </summary>
        </member>
        <member name="P:HPYL.Model.BookingUser.Id">
            <summary>
            预约单ID
            </summary>
        </member>
        <member name="P:HPYL.Model.BookingUser.bookingtime">
            <summary>
            预约时间
            </summary>
        </member>
        <member name="P:HPYL.Model.BookingUser.userhead">
            <summary>
            用户头像
            </summary>
        </member>
        <member name="P:HPYL.Model.BookingUser.username">
            <summary>
            用户姓名
            </summary>
        </member>
        <member name="P:HPYL.Model.BookingUser.ClinicName">
            <summary>
            诊所名称
            </summary>
        </member>
        <member name="P:HPYL.Model.BookingUser.address">
            <summary>
            就诊地址
            </summary>
        </member>
        <member name="P:HPYL.Model.BookingUser.project">
            <summary>
            就诊项目
            </summary>
        </member>
        <member name="P:HPYL.Model.BookingUser.state">
            <summary>
            预约状态
            </summary>
        </member>
        <member name="T:HPYL.Model.Project">
            <summary>
            就诊项目
            </summary>
        </member>
        <member name="P:HPYL.Model.Project.Id">
            <summary>
            项ID
            </summary>
        </member>
        <member name="P:HPYL.Model.Project.Name">
            <summary>
            就诊项
            </summary>
        </member>
        <member name="T:HPYL.Model.OrderState">
            <summary>
            预约单状态
            </summary>
        </member>
        <member name="T:HPYL.Model.BaseDate">
            <summary>
            日期基础类
            </summary>
        </member>
        <member name="P:HPYL.Model.BaseDate.DateId">
            <summary>
            标识
            </summary>
        </member>
        <member name="P:HPYL.Model.BaseDate.ClientId">
            <summary>
            诊所ID
            </summary>
        </member>
        <member name="P:HPYL.Model.BaseDate.State">
            <summary>
            是否启用
            </summary>
        </member>
        <member name="P:HPYL.Model.BaseDate.UserId">
            <summary>
            用户iD
            </summary>
        </member>
        <member name="P:HPYL.Model.BaseDate.Week">
            <summary>
            周几
            </summary>
        </member>
        <member name="P:HPYL.Model.BaseDate.DateTimeList">
            <summary>
            每天时间段接诊设置
            </summary>
        </member>
        <member name="T:HPYL.Model.CalendarDate">
            <summary>
            排班计划表
            </summary>
        </member>
        <member name="P:HPYL.Model.CalendarDate.Date">
            <summary>
            日期
            </summary>
        </member>
        <member name="P:HPYL.Model.CalendarDate.Year">
            <summary>
            年
            </summary>
        </member>
        <member name="P:HPYL.Model.CalendarDate.Month">
            <summary>
            月
            </summary>
        </member>
        <member name="P:HPYL.Model.CalendarDate.Day">
            <summary>
            日
            </summary>
        </member>
        <member name="T:HPYL.Model.DateTimeList">
            <summary>
            时间段设置
            </summary>
        </member>
        <member name="P:HPYL.Model.DateTimeList.Id">
            <summary>
            标识
            </summary>
        </member>
        <member name="P:HPYL.Model.DateTimeList.Name">
            <summary>
            标题
            </summary>
        </member>
        <member name="P:HPYL.Model.DateTimeList.Tag">
            <summary>
            标识
            </summary>
        </member>
        <member name="P:HPYL.Model.DateTimeList.Num">
            <summary>
            接诊数量
            </summary>
        </member>
        <member name="P:HPYL.Model.DateTimeList.State">
            <summary>
            开启状态
            </summary>
        </member>
        <member name="P:HPYL.Model.OrderModel.ClientId">
            <summary>
            诊所id（必填）
            </summary>
        </member>
        <member name="P:HPYL.Model.OrderModel.DoctorId">
            <summary>
            当前医生ID（必填）
            </summary>
        </member>
        <member name="P:HPYL.Model.OrderModel.PatientId">
            <summary>
            患者ID（必填）
            </summary>
        </member>
        <member name="P:HPYL.Model.OrderModel.Date">
            <summary>
            就诊日期（格式如 2018-08-13）（必填）
            </summary>
        </member>
        <member name="P:HPYL.Model.OrderModel.StartTime">
            <summary>
            就诊开始时间 (格式如 15:20)（必填）
            </summary>
        </member>
        <member name="P:HPYL.Model.OrderModel.EndTime">
            <summary>
            就诊结束时间 (格式如 15:20)（必填）
            </summary>
        </member>
        <member name="P:HPYL.Model.OrderModel.AddressId">
            <summary>
            就诊地点ID（必填）
            </summary>
        </member>
        <member name="P:HPYL.Model.OrderModel.Address">
            <summary>
            接诊地址（必填）
            </summary>
        </member>
        <member name="P:HPYL.Model.OrderModel.ProjectIdList">
            <summary>
            就诊项目Id 列表字符串（多个项目","拼接隔开 如"1,2,3,4,5"）（必填）
            </summary>
        </member>
        <member name="P:HPYL.Model.OrderModel.Remind">
            <summary>
            提醒方式（0 患者 1 自己 2 全部）（必填）
            </summary>
        </member>
        <member name="P:HPYL.Model.OrderModel.Content">
            <summary>
            备注
            </summary>
        </member>
        <member name="T:HPYL.Model.OrderInfo">
            <summary>
            预约单详情
            </summary>
        </member>
        <member name="P:HPYL.Model.OrderInfo.DoctorName">
            <summary>
            医生姓名
            </summary>
        </member>
        <member name="P:HPYL.Model.OrderInfo.OrderId">
            <summary>
            订单ID
            </summary>
        </member>
        <member name="P:HPYL.Model.OrderInfo.IsCannel">
            <summary>
            是否可以取消预约（目前提前30分钟可以取消） -1 不可以 0 可以 
            </summary>
        </member>
        <member name="P:HPYL.Model.OrderInfo.PatientName">
            <summary>
            患者姓名
            </summary>
        </member>
        <member name="P:HPYL.Model.OrderInfo.project">
            <summary>
            就诊科目
            </summary>
        </member>
        <member name="P:HPYL.Model.ProductItem.Id">
            <summary>
            商品ID
            </summary>
        </member>
        <member name="P:HPYL.Model.ProductItem.Name">
            <summary>
            名称
            </summary>
        </member>
        <member name="P:HPYL.Model.ProductItem.Price">
            <summary>
            销售价
            </summary>
        </member>
        <member name="P:HPYL.Model.OrderProduct.OrderId">
            <summary>
            订单ID
            </summary>
        </member>
        <member name="P:HPYL.Model.OrderProduct.ShopId">
            <summary>
            诊所ID
            </summary>
        </member>
        <member name="P:HPYL.Model.OrderProduct.ProductId">
            <summary>
            商品ID
            </summary>
        </member>
        <member name="P:HPYL.Model.OrderProduct.SkuId">
            <summary>
            SkuId
            </summary>
        </member>
        <member name="P:HPYL.Model.OrderProduct.SKU">
            <summary>
            SKU 可为空
            </summary>
        </member>
        <member name="P:HPYL.Model.OrderProduct.Quantity">
            <summary>
            数量
            </summary>
        </member>
        <member name="P:HPYL.Model.OrderProduct.ReturnQuantity">
            <summary>
            退货数量
            </summary>
        </member>
        <member name="P:HPYL.Model.OrderProduct.CostPrice">
            <summary>
            成本价
            </summary>
        </member>
        <member name="P:HPYL.Model.OrderProduct.SalePrice">
            <summary>
            销售价
            </summary>
        </member>
        <member name="P:HPYL.Model.OrderProduct.DiscountAmount">
            <summary>
            优惠金额
            </summary>
        </member>
        <member name="P:HPYL.Model.OrderProduct.RealTotalPrice">
            <summary>
            实付金额
            </summary>
        </member>
        <member name="P:HPYL.Model.OrderProduct.RefundPrice">
            <summary>
            退款金额
            </summary>
        </member>
        <member name="P:HPYL.Model.OrderProduct.ProductName">
            <summary>
            项目名称
            </summary>
        </member>
        <member name="P:HPYL.Model.OrderProduct.Color">
            <summary>
            sku颜色
            </summary>
        </member>
        <member name="P:HPYL.Model.OrderProduct.Size">
            <summary>
            sku尺寸
            </summary>
        </member>
        <member name="P:HPYL.Model.OrderProduct.Version">
            <summary>
            sku版本
            </summary>
        </member>
        <member name="P:HPYL.Model.OrderProduct.ThumbnailsUrl">
            <summary>
            缩略图
            </summary>
        </member>
        <member name="P:HPYL.Model.OrderProduct.CommisRate">
            <summary>
            CommisRate
            </summary>
        </member>
        <member name="P:HPYL.Model.OrderProduct.EnabledRefundAmount">
            <summary>
            可退金额
            </summary>
        </member>
        <member name="P:HPYL.Model.OrderProduct.IsLimitBuy">
            <summary>
            是否为限时购商
            </summary>
        </member>
        <member name="P:HPYL.Model.OrderProduct.DistributionRate">
            <summary>
            分销毙了
            </summary>
        </member>
        <member name="P:HPYL.Model.OrderProduct.EnabledRefundIntegral">
            <summary>
            可退积分抵扣金额
            </summary>
        </member>
        <member name="P:HPYL.Model.OrderProduct.CouponDiscount">
            <summary>
            满减平坦
            </summary>
        </member>
        <member name="P:HPYL.Model.OrderProduct.FullDiscount">
            <summary>
            优惠
            </summary>
        </member>
        <member name="T:HPYL.Model.BaseGlobalDate">
            <summary>
             全局基础类
            </summary>
        </member>
        <member name="P:HPYL.Model.BaseGlobalDate.UserId">
            <summary>
            当前医生ID （必填）
            </summary>
        </member>
        <member name="P:HPYL.Model.BaseGlobalDate.ClinetId">
            <summary>
            诊所ID（必填）
            </summary>
        </member>
        <member name="T:HPYL.Model.BasePostDate">
            <summary>
            日期基础类
            </summary>
        </member>
        <member name="P:HPYL.Model.BasePostDate.Year">
            <summary>
            年（必填）
            </summary>
        </member>
        <member name="P:HPYL.Model.BasePostDate.Month">
            <summary>
            月（必填）
            </summary>
        </member>
        <member name="P:HPYL.Model.BasePostDate.Day">
            <summary>
            日（必填）
            </summary>
        </member>
        <member name="T:HPYL.Model.PostDateTime">
            <summary>
            日期接诊数量数据提交类
            </summary>
        </member>
        <member name="P:HPYL.Model.PostDateTime.Tag">
             <summary>
            时间标识 M 上午,A 下午,N 晚上 （必填）
             </summary>
        </member>
        <member name="P:HPYL.Model.PostDateTime.Num">
            <summary>
            接诊患者数量（必填）
            </summary>
        </member>
        <member name="T:HPYL.Model.PostDateState">
            <summary>
            日期接诊 状态开启关闭
            </summary>
        </member>
        <member name="P:HPYL.Model.PostDateState.Flag">
            <summary>
            开启/关闭的标识  M 上午,A 下午,N 晚上,D全天 （必填）
            </summary>
        </member>
        <member name="P:HPYL.Model.PostDateState.State">
            <summary>
            开启/关闭状态  0 关闭 1 开启
            </summary>
        </member>
        <member name="T:HPYL.Model.PostWeekNum">
            <summary>
            周接诊数量设置
            </summary>
        </member>
        <member name="P:HPYL.Model.PostWeekNum.DateId">
            <summary>
            信息ID（接口api/Calendar/GetSystemWeek返回数据取得DateId（必填）
            </summary>
        </member>
        <member name="P:HPYL.Model.PostWeekNum.Tag">
             <summary>
            时间标识 M 上午,A 下午,N 晚上 （必填）
             </summary>
        </member>
        <member name="P:HPYL.Model.PostWeekNum.Num">
            <summary>
            接诊患者数量（必填）
            </summary>
        </member>
        <member name="T:HPYL.Model.PostWeekState">
            <summary>
            周接诊状态设置
            </summary>
        </member>
        <member name="P:HPYL.Model.PostWeekState.DateId">
            <summary>
            信息ID（接口api/Calendar/GetSystemWeek返回数据取得DateId（必填）
            </summary>
        </member>
        <member name="P:HPYL.Model.PostWeekState.Flag">
             <summary>
            时间标识 M 上午,A 下午,N 晚上,D全天  （必填）
             </summary>
        </member>
        <member name="P:HPYL.Model.PostWeekState.State">
            <summary>
            接诊患者数量（必填）
            </summary>
        </member>
        <member name="P:HPYL.Model.HPYL_CalendarTime.HCW_ID">
            <summary>
            周期主键
            </summary>
        </member>
        <member name="P:HPYL.Model.HPYL_CalendarTime.HCD_Name">
            <summary>
            名称
            </summary>
        </member>
        <member name="P:HPYL.Model.HPYL_CalendarTime.HCD_Tag">
            <summary>
            标识 M 上午,A 下午,N 晚上
            </summary>
        </member>
        <member name="P:HPYL.Model.HPYL_CalendarTime.HCD_Num">
            <summary>
            接诊数量
            </summary>
        </member>
        <member name="P:HPYL.Model.HPYL_CalendarTime.HCD_State">
            <summary>
            开启状态
            </summary>
        </member>
        <member name="T:HPYL.Model.AdviceArticle">
            <summary>
            医嘱文章
            </summary>
        </member>
        <member name="P:HPYL.Model.AdviceArticle.HAA_ID">
            <summary>
            标识列
            </summary>
        </member>
        <member name="P:HPYL.Model.AdviceArticle.HFT_ID">
            <summary>
            诊所项目类ID
            </summary>
        </member>
        <member name="P:HPYL.Model.AdviceArticle.HAA_Title">
            <summary>
            文章标题
            </summary>
        </member>
        <member name="P:HPYL.Model.AdviceArticle.HAA_PicUrl">
            <summary>
            文章封面
            </summary>
        </member>
        <member name="P:HPYL.Model.AdviceArticle.HAA_Content">
            <summary>
            文章内容
            </summary>
        </member>
        <member name="P:HPYL.Model.AdviceArticle.HAA_State">
            <summary>
            启用状态
            </summary>
        </member>
        <member name="P:HPYL.Model.DoctorFollowContent.HDC_ID">
            <summary>
            标识列
            </summary>
        </member>
        <member name="P:HPYL.Model.DoctorFollowContent.HAA_ID">
            <summary>
            文章ID
            </summary>
        </member>
        <member name="P:HPYL.Model.DoctorFollowContent.HDC_Days">
            <summary>
            随访天数
            </summary>
        </member>
        <member name="P:HPYL.Model.DoctorFollowContent.HDC_StratTime">
            <summary>
            开始随访时间
            </summary>
        </member>
        <member name="P:HPYL.Model.DoctorFollowContent.HDC_Content">
            <summary>
            随访内容
            </summary>
        </member>
        <member name="P:HPYL.Model.BaseDoctorFollowPlan.HAA_ID">
            <summary>
            模板ID （必填）
            </summary>
        </member>
        <member name="P:HPYL.Model.BaseDoctorFollowPlan.HDP_UserId">
            <summary>
            创建人ID(当前登录人的ID)（必填）
            </summary>
        </member>
        <member name="P:HPYL.Model.BaseDoctorFollowPlan.HDP_Remind">
            <summary>
            提醒方式（0 患者 1 自己 2 全部）（必填）
            </summary>
        </member>
        <member name="P:HPYL.Model.BaseDoctorFollowPlan.HDP_DoctorId">
            <summary>
            随访医生ID（必填）
            </summary>
        </member>
        <member name="P:HPYL.Model.BaseDoctorFollowPlan.HDP_PatientId">
            <summary>
            患者ID（必填）
            </summary>
        </member>
        <member name="P:HPYL.Model.DoctorFollowPlan.HDP_ID">
            <summary>
            标识列
            </summary>
        </member>
        <member name="P:HPYL.Model.DoctorFollowPlan.HDP_CreateTime">
            <summary>
            开始时间
            </summary>
        </member>
        <member name="P:HPYL.Model.DoctorFollowPlan.HDP_Content">
            <summary>
            随访内容
            </summary>
        </member>
        <member name="P:HPYL.Model.DoctorFollowPlan.HDP_State">
            <summary>
            随访状态,不需要传递
            </summary>
        </member>
        <member name="P:HPYL.Model.BaseFollowPlan.HTP_ID">
            <summary>
            模板ID （必填）
            </summary>
        </member>
        <member name="P:HPYL.Model.BaseFollowPlan.HFP_Name">
            <summary>
            随方名称（必填）
            </summary>
        </member>
        <member name="P:HPYL.Model.BaseFollowPlan.HFP_UserId">
            <summary>
            创建人ID(当前登录人的ID)（必填）
            </summary>
        </member>
        <member name="P:HPYL.Model.BaseFollowPlan.HFP_Remind">
            <summary>
            提醒方式（0 患者 1 自己 2 全部）（必填）
            </summary>
        </member>
        <member name="P:HPYL.Model.BaseFollowPlan.HFP_DoctorId">
            <summary>
            随访医生ID（必填）
            </summary>
        </member>
        <member name="P:HPYL.Model.BaseFollowPlan.HFP_PatientId">
            <summary>
            患者ID（必填）
            </summary>
        </member>
        <member name="T:HPYL.Model.FollowPlan">
            <summary>
            随访计划
            </summary>
        </member>
        <member name="P:HPYL.Model.FollowPlan.HFP_ID">
            <summary>
            标识（删除更新时必填）
            </summary>
        </member>
        <member name="P:HPYL.Model.FollowPlan.HFP_CreateTime">
            <summary>
            开始时间 格式如：2018-01-27（必填）
            </summary>
        </member>
        <member name="P:HPYL.Model.FollowPlan.HFP_Content">
             <summary>
            随访内容（必填）
             </summary>
        </member>
        <member name="P:HPYL.Model.FollowPlan.HFP_State">
            <summary>
            随访状态，不需要传递
            </summary>
        </member>
        <member name="P:HPYL.Model.FollowPlan.DoctorName">
            <summary>
            医生姓名
            </summary>
        </member>
        <member name="P:HPYL.Model.FollowPlan.PatientName">
            <summary>
            患者姓名 
            </summary>
        </member>
        <member name="T:HPYL.Model.MyPlanListDate">
            <summary>
            我的随访计划计划 时间列表
            </summary>
        </member>
        <member name="T:HPYL.Model.ReadFollowPlanContent">
            <summary>
            随访计划内容新增返回结果
            </summary>
        </member>
        <member name="P:HPYL.Model.ReadFollowPlanContent.HTP_StartDate">
            <summary>
            开始时间
            </summary>
        </member>
        <member name="P:HPYL.Model.ReadFollowPlanContent.PlanContentList">
            <summary>
            模板内容
            </summary>
        </member>
        <member name="T:HPYL.Model.FollowPlanContent">
            <summary>
            随访计划内容
            </summary>
        </member>
        <member name="P:HPYL.Model.FollowPlanContent.HFC_ID">
            <summary>
            标识
            </summary>
        </member>
        <member name="P:HPYL.Model.FollowPlanContent.HFC_Days">
            <summary>
            随访时间（天）
            </summary>
        </member>
        <member name="P:HPYL.Model.FollowPlanContent.HFC_StartTime">
            <summary>
            提醒时间
            </summary>
        </member>
        <member name="P:HPYL.Model.FollowPlanContent.HFC_Content">
            <summary>
            随访内容
            </summary>
        </member>
        <member name="T:HPYL.Model.BaseFollowTemPlate">
            <summary>
            APP随访计划模板表
            </summary>
        </member>
        <member name="P:HPYL.Model.BaseFollowTemPlate.HTP_ID">
            <summary>
            标识
            </summary>
        </member>
        <member name="P:HPYL.Model.BaseFollowTemPlate.HFT_ID">
            <summary>
            诊疗项目ID 
            </summary>
        </member>
        <member name="P:HPYL.Model.BaseFollowTemPlate.HTP_Name">
            <summary>
            随方名称
            </summary>
        </member>
        <member name="T:HPYL.Model.FollowTemPlate">
            <summary>
            随访计划模板表
            </summary>
        </member>
        <member name="P:HPYL.Model.FollowTemPlate.HTP_State">
            <summary>
            启用状态（0 未启用 1 启用）
            </summary>
        </member>
        <member name="P:HPYL.Model.FollowTemPlate.HTP_CreateTime">
            <summary>
            创建时间
            </summary>
        </member>
        <member name="P:HPYL.Model.FollowTemPlate.HTP_UserId">
            <summary>
            创建用户ID
            </summary>
        </member>
        <member name="T:HPYL.Model.BaseFollowType">
            <summary>
            诊疗科目
            </summary>
            
        </member>
        <member name="P:HPYL.Model.BaseFollowType.HFT_ID">
            <summary>
            类别ID
            </summary>
        </member>
        <member name="P:HPYL.Model.BaseFollowType.HFT_Name">
            <summary>
            类别名称
            </summary>
        </member>
        <member name="T:HPYL.Model.GetFollowType">
            <summary>
            一级分类
            </summary>
        </member>
        <member name="T:HPYL.Model.SecondList">
            <summary>
            二级分类
            </summary>
        </member>
        <member name="T:HPYL.Model.FollowType">
            <summary>
            诊疗科目
            </summary>
        </member>
        <member name="P:HPYL.Model.FollowType.HFT_ID">
            <summary>
            标识
            </summary>
        </member>
        <member name="P:HPYL.Model.FollowType.HFT_ShopId">
            <summary>
            诊所Id（必填）
            </summary>
        </member>
        <member name="P:HPYL.Model.FollowType.HFT_ParentId">
            <summary>
            父类ID（必填）
            </summary>
        </member>
        <member name="P:HPYL.Model.FollowType.HFT_Name">
            <summary>
            项目名称（必填）
            </summary>
        </member>
        <member name="P:HPYL.Model.FollowType.HFT_UserId">
            <summary>
            创建人Id（必填）
            </summary>
        </member>
        <member name="P:HPYL.Model.FollowType.HFT_CreateTime">
            <summary>
            创建时间
            </summary>
        </member>
        <member name="P:HPYL.Model.FollowType.HFT_State">
            <summary>
            启用状态(0 未启用 1启用)
            </summary>
        </member>
        <member name="P:HPYL.Model.FollowType.HFT_Layer">
            <summary>
            层级
            </summary>
        </member>
        <member name="M:HPYL.Model.FollowType.Create">
            <summary>
            初始化数据
            </summary>
        </member>
        <member name="P:HPYL.Model.ProjectPost.ShopId">
            <summary>
            诊所ID
            </summary>
        </member>
        <member name="P:HPYL.Model.ProjectPost.UserId">
            <summary>
            当前医生ID
            </summary>
        </member>
        <member name="P:HPYL.Model.ProjectPost.ProjectName">
            <summary>
            项目名称
            </summary>
        </member>
        <member name="P:HPYL.Model.ProjectPost.ShopCategoryId">
            <summary>
            所属一级类别Id
            </summary>
        </member>
        <member name="P:HPYL.Model.ProjectBase.CategoryId">
            <summary>
            平台分类ID
            </summary>
        </member>
        <member name="P:HPYL.Model.ProjectBase.CategoryPath">
            <summary>
            分类标识
            </summary>
        </member>
        <member name="P:HPYL.Model.ProjectBase.TypeId">
            <summary>
            类别ID
            </summary>
        </member>
        <member name="P:HPYL.Model.ProjectBase.BrandId">
            <summary>
            品牌ID
            </summary>
        </member>
        <member name="P:HPYL.Model.ProjectBase.ProductCode">
            <summary>
            项目代码
            </summary>
        </member>
        <member name="P:HPYL.Model.ProjectBase.ShortDescription">
            <summary>
            广告词
            </summary>
        </member>
        <member name="P:HPYL.Model.ProjectBase.SaleStatus">
            <summary>
            销售状态
            </summary>
        </member>
        <member name="P:HPYL.Model.ProjectBase.AuditStatus">
            <summary>
            审核状态
            </summary>
        </member>
        <member name="P:HPYL.Model.ProjectBase.AddedDate">
            <summary>
            添加时间
            </summary>
        </member>
        <member name="P:HPYL.Model.ProjectBase.DisplaySequence">
            <summary>
            显示顺序
            </summary>
        </member>
        <member name="P:HPYL.Model.ProjectBase.ImagePath">
            <summary>
            图片
            </summary>
        </member>
        <member name="P:HPYL.Model.ProjectBase.MarketPrice">
            <summary>
            市场价
            </summary>
        </member>
        <member name="P:HPYL.Model.ProjectBase.MinSalePrice">
            <summary>
            最低销售价
            </summary>
        </member>
        <member name="P:HPYL.Model.ProjectBase.HasSKU">
            <summary>
            是否有SKU
            </summary>
        </member>
        <member name="P:HPYL.Model.ProjectBase.VistiCounts">
            <summary>
            浏览器次数
            </summary>
        </member>
        <member name="P:HPYL.Model.ProjectBase.SaleCounts">
            <summary>
            销售量
            </summary>
        </member>
        <member name="P:HPYL.Model.ProjectBase.FreightTemplateId">
            <summary>
            运费末班
            </summary>
        </member>
        <member name="P:HPYL.Model.ProjectBase.Weight">
            <summary>
            重量
            </summary>
        </member>
        <member name="P:HPYL.Model.ProjectBase.Volume">
            <summary>
            体积
            </summary>
        </member>
        <member name="P:HPYL.Model.ProjectBase.Quantity">
            <summary>
            数量
            </summary>
        </member>
        <member name="P:HPYL.Model.ProjectBase.MeasureUnit">
            <summary>
            计量单位
            </summary>
        </member>
        <member name="P:HPYL.Model.ProjectBase.EditStatus">
            <summary>
            修改状态 0 正常 1己修改 2待审核 3 己修改并待审核
            </summary>
        </member>
        <member name="P:HPYL.Model.ProjectBase.IsDeleted">
            <summary>
            是否已删除
            </summary>
        </member>
        <member name="P:HPYL.Model.ProjectBase.MaxBuyCount">
            <summary>
            最大购买量
            </summary>
        </member>
        <member name="T:HPYL.Model.LoginMembers">
            <summary>
            数据访问类:LoginMembers
            </summary>
        </member>
        <member name="P:HPYL.Model.LoginMembers.LoginPhone">
            <summary>
            手机号
            </summary>
        </member>
        <member name="P:HPYL.Model.LoginMembers.PhoneCode">
            <summary>
            动态密码
            </summary>
        </member>
        <member name="T:HPYL.Model.MemberCard">
            <summary>
            医生的名片
            </summary>
        </member>
        <member name="P:HPYL.Model.MemberCard.ShopName">
            <summary>
            诊所名称
            </summary>
        </member>
        <member name="P:HPYL.Model.MemberCard.UserPhoto">
            <summary>
            医生头像
            </summary>
        </member>
        <member name="P:HPYL.Model.MemberCard.UserName">
            <summary>
            医生姓名
            </summary>
        </member>
        <member name="P:HPYL.Model.MemberCard.ShopCategorName">
            <summary>
            所在科室
            </summary>
        </member>
        <member name="P:HPYL.Model.MemberCard.JodName">
            <summary>
            职称
            </summary>
        </member>
        <!-- 对于成员“P:HPYL.Model.Members.Id”忽略有格式错误的 XML 注释 -->
        <member name="P:HPYL.Model.Members.UserName">
            <summary>
            
            </summary>
        </member>
        <member name="P:HPYL.Model.Members.Password">
            <summary>
            
            </summary>
        </member>
        <member name="P:HPYL.Model.Members.PasswordSalt">
            <summary>
            
            </summary>
        </member>
        <member name="P:HPYL.Model.Members.Nick">
            <summary>
            
            </summary>
        </member>
        <member name="P:HPYL.Model.Members.Sex">
            <summary>
            
            </summary>
        </member>
        <member name="P:HPYL.Model.Members.Email">
            <summary>
            
            </summary>
        </member>
        <member name="P:HPYL.Model.Members.CreateDate">
            <summary>
            
            </summary>
        </member>
        <member name="P:HPYL.Model.Members.TopRegionId">
            <summary>
            
            </summary>
        </member>
        <member name="P:HPYL.Model.Members.RegionId">
            <summary>
            
            </summary>
        </member>
        <member name="P:HPYL.Model.Members.RealName">
            <summary>
            
            </summary>
        </member>
        <member name="P:HPYL.Model.Members.CellPhone">
            <summary>
            
            </summary>
        </member>
        <member name="P:HPYL.Model.Members.QQ">
            <summary>
            
            </summary>
        </member>
        <member name="P:HPYL.Model.Members.Address">
            <summary>
            
            </summary>
        </member>
        <member name="P:HPYL.Model.Members.Disabled">
            <summary>
            
            </summary>
        </member>
        <member name="P:HPYL.Model.Members.LastLoginDate">
            <summary>
            
            </summary>
        </member>
        <member name="P:HPYL.Model.Members.OrderNumber">
            <summary>
            
            </summary>
        </member>
        <member name="P:HPYL.Model.Members.TotalAmount">
            <summary>
            
            </summary>
        </member>
        <member name="P:HPYL.Model.Members.Expenditure">
            <summary>
            
            </summary>
        </member>
        <member name="P:HPYL.Model.Members.Points">
            <summary>
            
            </summary>
        </member>
        <member name="P:HPYL.Model.Members.Photo">
            <summary>
            
            </summary>
        </member>
        <member name="P:HPYL.Model.Members.ParentSellerId">
            <summary>
            
            </summary>
        </member>
        <member name="P:HPYL.Model.Members.Remark">
            <summary>
            
            </summary>
        </member>
        <member name="P:HPYL.Model.Members.PayPwd">
            <summary>
            
            </summary>
        </member>
        <member name="P:HPYL.Model.Members.PayPwdSalt">
            <summary>
            
            </summary>
        </member>
        <member name="P:HPYL.Model.Members.InviteUserId">
            <summary>
            
            </summary>
        </member>
        <member name="P:HPYL.Model.Members.ShareUserId">
            <summary>
            
            </summary>
        </member>
        <member name="P:HPYL.Model.Members.BirthDay">
            <summary>
            
            </summary>
        </member>
        <member name="P:HPYL.Model.Members.Occupation">
            <summary>
            
            </summary>
        </member>
        <member name="P:HPYL.Model.Members.NetAmount">
            <summary>
            
            </summary>
        </member>
        <member name="P:HPYL.Model.Members.LastConsumptionTime">
            <summary>
            
            </summary>
        </member>
        <member name="T:HPYL.Model.MLoginMember">
            <summary>
            登录验证 返回模型
            </summary>
        </member>
        <member name="P:HPYL.Model.MLoginMember.UserId">
            <summary>
            用户ID
            </summary>
        </member>
        <member name="P:HPYL.Model.MLoginMember.RoleId">
            <summary>
            用户角色 0 患者 1 医生 2 医生未审核角色
            </summary>
        </member>
        <member name="T:HPYL.Model.MPatient">
            <summary>
            新建患者模型
            </summary>
        </member>
        <member name="P:HPYL.Model.MPatient.DocUserId">
             <summary>
            医生用户ID
             </summary>
        </member>
        <member name="P:HPYL.Model.MPatient.RealName">
            <summary>
            真实姓名
            </summary>
        </member>
        <member name="P:HPYL.Model.MPatient.CellPhone">
            <summary>
            电话
            </summary>
        </member>
        <member name="P:HPYL.Model.MPatient.Sex">
            <summary>
            性别
            </summary>
        </member>
        <member name="P:HPYL.Model.MPatient.Age">
            <summary>
            年龄
            </summary>
        </member>
        <member name="P:HPYL.Model.MPatient.ItemID">
            <summary>
            治疗项目ID
            </summary>
        </member>
        <member name="P:HPYL.Model.MPatient.Remark">
            <summary>
            备注
            </summary>
        </member>
        <member name="T:HPYL.Model.MRegister">
            <summary>
            注册模型
            </summary>
        </member>
        <member name="P:HPYL.Model.MRegister.UserId">
             <summary>
            用户ID
             </summary>
        </member>
        <member name="P:HPYL.Model.MRegister.RealName">
            <summary>
            真实姓名
            </summary>
        </member>
        <member name="P:HPYL.Model.MRegister.Sex">
            <summary>
            性别
            </summary>
        </member>
        <member name="P:HPYL.Model.MRegister.DateBirth">
            <summary>
            出生日期
            </summary>
        </member>
        <member name="P:HPYL.Model.MRegister.TopRegionId">
            <summary>
            省份ID
            </summary>
        </member>
        <member name="P:HPYL.Model.MRegister.RegionId">
            <summary>
            省市区ID
            </summary>
        </member>
        <member name="P:HPYL.Model.MRegister.ShopUserId">
            <summary>
            诊所ID
            </summary>
        </member>
        <member name="P:HPYL.Model.MRegister.ShopCategorId">
            <summary>
            诊所科室ID
            </summary>
        </member>
        <member name="P:HPYL.Model.MRegister.JodId">
            <summary>
            职称ID
            </summary>
        </member>
        <member name="P:HPYL.Model.MRegister.ZyId">
            <summary>
            专业ID
            </summary>
        </member>
        <member name="P:HPYL.Model.MRegister.PracticeYID">
            <summary>
            执业年限ID
            </summary>
        </member>
        <member name="P:HPYL.Model.MRegister.LicenseCert1">
            <summary>
            资格证书1
            </summary>
        </member>
        <member name="P:HPYL.Model.MRegister.LicenseCert2">
            <summary>
            资格证书2
            </summary>
        </member>
        <member name="P:HPYL.Model.MRegister.IDCardUrl1">
            <summary>
            身份证1
            </summary>
        </member>
        <member name="P:HPYL.Model.MRegister.IDCardUrl2">
            <summary>
            身份证2
            </summary>
        </member>
        <member name="P:HPYL.Model.MRegister.WorkUrl1">
            <summary>
            本人工作证明1
            </summary>
        </member>
        <member name="P:HPYL.Model.MRegister.WorkUrl2">
            <summary>
            本人工作证明2
            </summary>
        </member>
        <member name="P:HPYL.Model.MRegister.Remark">
            <summary>
            备注
            </summary>
        </member>
        <member name="T:HPYL.Model.MysqlTest">
            <summary>
            utest:实体类(属性说明自动提取数据库字段的描述信息)
            </summary>
        </member>
        <!-- 对于成员“P:HPYL.Model.MysqlTest.Id”忽略有格式错误的 XML 注释 -->
        <member name="P:HPYL.Model.MysqlTest.Name">
            <summary>
            
            </summary>
            
        </member>
        <member name="P:HPYL.Model.MysqlTest.Sex">
            <summary>
            
            </summary>
        </member>
        <member name="T:HPYL.Model.InfoToUser">
            <summary>
            用户信息操作类 如查询 删除
            </summary>
        </member>
        <member name="P:HPYL.Model.InfoToUser.UserID">
            <summary>
            当前登录用户(必填)
            </summary>
        </member>
        <member name="P:HPYL.Model.InfoToUser.KeyId">
            <summary>
            操作信息标识(必填)
            </summary>
        </member>
        <member name="T:HPYL.Model.BaseQuickReply">
            <summary>
            
            </summary>
        </member>
        <member name="P:HPYL.Model.BaseQuickReply.HQR_Content">
            <summary>
            快捷回复内容(必填)
            </summary>
        </member>
        <member name="P:HPYL.Model.BaseQuickReply.HQR_UserId">
            <summary>
            创建者(必填)
            </summary>
        </member>
        <member name="T:HPYL.Model.QuickReply">
            <summary>
            快捷回复
            </summary>
        </member>
        <member name="P:HPYL.Model.QuickReply.HQR_ID">
            <summary>
            标识列 (必填)
            </summary>
        </member>
        <member name="P:HPYL.Model.QuickReply.HQR_Time">
            <summary>
            创建时间 非必填
            </summary>
        </member>
        <member name="T:HPYL.Model.RecruitPlan">
            <summary>
            招募分享内容信息 -分销员-医生注册协议
            </summary>
        </member>
        <member name="P:HPYL.Model.RecruitPlan.Id">
            <summary>
            id
            </summary>
        </member>
        <member name="P:HPYL.Model.RecruitPlan.Title">
            <summary>
            标题
            </summary>
        </member>
        <member name="P:HPYL.Model.RecruitPlan.Content">
            <summary>
            内容
            </summary>
        </member>
        <member name="T:HPYL.Model.BaseReferrallog">
            <summary>
            转诊基础类
            </summary>
        </member>
        <member name="P:HPYL.Model.BaseReferrallog.HRL_PatientId">
            <summary>
            患者ID(必填)
            </summary>
        </member>
        <member name="P:HPYL.Model.BaseReferrallog.HRL_Info">
            <summary>
            患者主诉信息 (必填)
            </summary>
        </member>
        <member name="P:HPYL.Model.BaseReferrallog.HRL_DoctorId">
            <summary>
            接诊医生(必填)
            </summary>
        </member>
        <member name="P:HPYL.Model.BaseReferrallog.HRL_Commission">
            <summary>
            分成比例(必填)
            </summary>
        </member>
        <member name="P:HPYL.Model.BaseReferrallog.HRL_UserID">
            <summary>
            当前登录医生ID(必填)
            </summary>
        </member>
        <member name="P:HPYL.Model.BaseReferrallog.HRL_Remark">
            <summary>
            给医生的备注 (非必填)
            </summary>
        </member>
        <member name="P:HPYL.Model.Referrallog.HRL_ID">
            <summary>
            标识列
            </summary>
        </member>
        <member name="P:HPYL.Model.Referrallog.HRL_State">
            <summary>
            转诊状态(0 待接诊 1 已接诊 2 已完诊)
            </summary>
        </member>
        <member name="P:HPYL.Model.Referrallog.HRL_CreateTime">
            <summary>
            转诊时间
            </summary>
        </member>
        <member name="P:HPYL.Model.Referrallog.HRL_ReceiveTime">
            <summary>
            接诊时间
            </summary>
        </member>
        <member name="T:HPYL.Model.Shopbranch">
            <summary>
            Shopbranch门店表
            </summary>
        </member>
        <member name="P:HPYL.Model.Shopbranch.Id">
            <summary>
            auto_increment
            </summary>
        </member>
        <member name="P:HPYL.Model.Shopbranch.ShopId">
            <summary>
            
            </summary>
        </member>
        <member name="P:HPYL.Model.Shopbranch.ShopBranchName">
            <summary>
            
            </summary>
        </member>
        <member name="P:HPYL.Model.Shopbranch.AddressId">
            <summary>
            
            </summary>
        </member>
        <member name="P:HPYL.Model.Shopbranch.AddressPath">
            <summary>
            
            </summary>
        </member>
        <member name="P:HPYL.Model.Shopbranch.AddressDetail">
            <summary>
            
            </summary>
        </member>
        <member name="P:HPYL.Model.Shopbranch.ContactUser">
            <summary>
            
            </summary>
        </member>
        <member name="P:HPYL.Model.Shopbranch.ContactPhone">
            <summary>
            
            </summary>
        </member>
        <member name="P:HPYL.Model.Shopbranch.Status">
            <summary>
            
            </summary>
        </member>
        <member name="P:HPYL.Model.Shopbranch.CreateDate">
            <summary>
            
            </summary>
        </member>
        <member name="P:HPYL.Model.Shopbranch.ServeRadius">
            <summary>
            
            </summary>
        </member>
        <member name="P:HPYL.Model.Shopbranch.Longitude">
            <summary>
            
            </summary>
        </member>
        <member name="P:HPYL.Model.Shopbranch.Latitude">
            <summary>
            
            </summary>
        </member>
        <member name="P:HPYL.Model.Shopbranch.ShopImages">
            <summary>
            
            </summary>
        </member>
        <member name="P:HPYL.Model.Shopbranch.IsStoreDelive">
            <summary>
            
            </summary>
        </member>
        <member name="P:HPYL.Model.Shopbranch.IsAboveSelf">
            <summary>
            
            </summary>
        </member>
        <member name="P:HPYL.Model.Shopbranch.StoreOpenStartTime">
            <summary>
            
            </summary>
        </member>
        <member name="P:HPYL.Model.Shopbranch.StoreOpenEndTime">
            <summary>
            
            </summary>
        </member>
        <member name="P:HPYL.Model.Shopbranch.IsRecommend">
            <summary>
            
            </summary>
        </member>
        <member name="P:HPYL.Model.Shopbranch.RecommendSequence">
            <summary>
            
            </summary>
        </member>
        <member name="P:HPYL.Model.Shopbranch.DeliveFee">
            <summary>
            
            </summary>
        </member>
        <member name="P:HPYL.Model.Shopbranch.DeliveTotalFee">
            <summary>
            
            </summary>
        </member>
        <member name="P:HPYL.Model.Shopbranch.FreeMailFee">
            <summary>
            
            </summary>
        </member>
        <member name="T:HPYL.Model.Shopcategories">
            <summary>
            诊所科室模型
            </summary>
        </member>
        <member name="P:HPYL.Model.Shopcategories.Id">
            <summary>
            主键
            </summary>
        </member>
        <member name="P:HPYL.Model.Shopcategories.ShopId">
            <summary>
            店铺ID
            </summary>
        </member>
        <member name="P:HPYL.Model.Shopcategories.ParentCategoryId">
            <summary>
            上级分类ID 默认顶级 为0
            </summary>
        </member>
        <member name="P:HPYL.Model.Shopcategories.Name">
            <summary>
            分类名称
            </summary>
        </member>
        <member name="P:HPYL.Model.Shopcategories.DisplaySequence">
            <summary>
            排序
            </summary>
        </member>
        <member name="P:HPYL.Model.Shopcategories.IsShow">
            <summary>
            是否显示
            </summary>
        </member>
        <member name="P:HPYL.Model.Shopcategories.UserId">
            <summary>
            创建者 0 系统 否则为用户ID
            </summary>
        </member>
        <member name="T:HPYL.Model.Shops">
            <summary>
             shops:店铺表
            </summary>
        </member>
        <member name="P:HPYL.Model.Shops.Id">
            <summary>
            auto_increment
            </summary>
        </member>
        <member name="P:HPYL.Model.Shops.GradeId">
            <summary>
            
            </summary>
        </member>
        <member name="P:HPYL.Model.Shops.ShopName">
            <summary>
            
            </summary>
        </member>
        <member name="P:HPYL.Model.Shops.Logo">
            <summary>
            
            </summary>
        </member>
        <member name="P:HPYL.Model.Shops.SubDomains">
            <summary>
            
            </summary>
        </member>
        <member name="P:HPYL.Model.Shops.Theme">
            <summary>
            
            </summary>
        </member>
        <member name="P:HPYL.Model.Shops.IsSelf">
            <summary>
            
            </summary>
        </member>
        <member name="P:HPYL.Model.Shops.ShopStatus">
            <summary>
            
            </summary>
        </member>
        <member name="P:HPYL.Model.Shops.RefuseReason">
            <summary>
            
            </summary>
        </member>
        <member name="P:HPYL.Model.Shops.CreateDate">
            <summary>
            
            </summary>
        </member>
        <member name="P:HPYL.Model.Shops.EndDate">
            <summary>
            
            </summary>
        </member>
        <member name="P:HPYL.Model.Shops.CompanyName">
            <summary>
            
            </summary>
        </member>
        <member name="P:HPYL.Model.Shops.CompanyRegionId">
            <summary>
            
            </summary>
        </member>
        <member name="P:HPYL.Model.Shops.CompanyAddress">
            <summary>
            
            </summary>
        </member>
        <member name="P:HPYL.Model.Shops.CompanyPhone">
            <summary>
            
            </summary>
        </member>
        <member name="P:HPYL.Model.Shops.CompanyEmployeeCount">
            <summary>
            
            </summary>
        </member>
        <member name="P:HPYL.Model.Shops.CompanyRegisteredCapital">
            <summary>
            
            </summary>
        </member>
        <member name="P:HPYL.Model.Shops.ContactsName">
            <summary>
            
            </summary>
        </member>
        <member name="P:HPYL.Model.Shops.ContactsPhone">
            <summary>
            
            </summary>
        </member>
        <member name="P:HPYL.Model.Shops.ContactsEmail">
            <summary>
            
            </summary>
        </member>
        <member name="P:HPYL.Model.Shops.BusinessLicenceNumber">
            <summary>
            
            </summary>
        </member>
        <member name="P:HPYL.Model.Shops.BusinessLicenceNumberPhoto">
            <summary>
            
            </summary>
        </member>
        <member name="P:HPYL.Model.Shops.BusinessLicenceRegionId">
            <summary>
            
            </summary>
        </member>
        <member name="P:HPYL.Model.Shops.BusinessLicenceStart">
            <summary>
            
            </summary>
        </member>
        <member name="P:HPYL.Model.Shops.BusinessLicenceEnd">
            <summary>
            
            </summary>
        </member>
        <member name="P:HPYL.Model.Shops.BusinessSphere">
            <summary>
            
            </summary>
        </member>
        <member name="P:HPYL.Model.Shops.OrganizationCode">
            <summary>
            
            </summary>
        </member>
        <member name="P:HPYL.Model.Shops.OrganizationCodePhoto">
            <summary>
            
            </summary>
        </member>
        <member name="P:HPYL.Model.Shops.GeneralTaxpayerPhot">
            <summary>
            
            </summary>
        </member>
        <member name="P:HPYL.Model.Shops.BankAccountName">
            <summary>
            
            </summary>
        </member>
        <member name="P:HPYL.Model.Shops.BankAccountNumber">
            <summary>
            
            </summary>
        </member>
        <member name="P:HPYL.Model.Shops.BankName">
            <summary>
            
            </summary>
        </member>
        <member name="P:HPYL.Model.Shops.BankCode">
            <summary>
            
            </summary>
        </member>
        <member name="P:HPYL.Model.Shops.BankRegionId">
            <summary>
            
            </summary>
        </member>
        <member name="P:HPYL.Model.Shops.BankPhoto">
            <summary>
            
            </summary>
        </member>
        <member name="P:HPYL.Model.Shops.TaxRegistrationCertificate">
            <summary>
            
            </summary>
        </member>
        <member name="P:HPYL.Model.Shops.TaxpayerId">
            <summary>
            
            </summary>
        </member>
        <member name="P:HPYL.Model.Shops.TaxRegistrationCertificatePhoto">
            <summary>
            
            </summary>
        </member>
        <member name="P:HPYL.Model.Shops.PayPhoto">
            <summary>
            
            </summary>
        </member>
        <member name="P:HPYL.Model.Shops.PayRemark">
            <summary>
            
            </summary>
        </member>
        <member name="P:HPYL.Model.Shops.SenderName">
            <summary>
            
            </summary>
        </member>
        <member name="P:HPYL.Model.Shops.SenderAddress">
            <summary>
            
            </summary>
        </member>
        <member name="P:HPYL.Model.Shops.SenderPhone">
            <summary>
            
            </summary>
        </member>
        <member name="P:HPYL.Model.Shops.Freight">
            <summary>
            
            </summary>
        </member>
        <member name="P:HPYL.Model.Shops.FreeFreight">
            <summary>
            
            </summary>
        </member>
        <member name="P:HPYL.Model.Shops.Stage">
            <summary>
            
            </summary>
        </member>
        <member name="P:HPYL.Model.Shops.SenderRegionId">
            <summary>
            
            </summary>
        </member>
        <member name="P:HPYL.Model.Shops.BusinessLicenseCert">
            <summary>
            
            </summary>
        </member>
        <member name="P:HPYL.Model.Shops.ProductCert">
            <summary>
            
            </summary>
        </member>
        <member name="P:HPYL.Model.Shops.OtherCert">
            <summary>
            
            </summary>
        </member>
        <member name="P:HPYL.Model.Shops.legalPerson">
            <summary>
            
            </summary>
        </member>
        <member name="P:HPYL.Model.Shops.CompanyFoundingDate">
            <summary>
            
            </summary>
        </member>
        <member name="P:HPYL.Model.Shops.BusinessType">
            <summary>
            
            </summary>
        </member>
        <member name="P:HPYL.Model.Shops.IDCard">
            <summary>
            
            </summary>
        </member>
        <member name="P:HPYL.Model.Shops.IDCardUrl">
            <summary>
            
            </summary>
        </member>
        <member name="P:HPYL.Model.Shops.IDCardUrl2">
            <summary>
            
            </summary>
        </member>
        <member name="P:HPYL.Model.Shops.WeiXinNickName">
            <summary>
            
            </summary>
        </member>
        <member name="P:HPYL.Model.Shops.WeiXinSex">
            <summary>
            
            </summary>
        </member>
        <member name="P:HPYL.Model.Shops.WeiXinAddress">
            <summary>
            
            </summary>
        </member>
        <member name="P:HPYL.Model.Shops.WeiXinTrueName">
            <summary>
            
            </summary>
        </member>
        <member name="P:HPYL.Model.Shops.WeiXinOpenId">
            <summary>
            
            </summary>
        </member>
        <member name="P:HPYL.Model.Shops.WeiXinImg">
            <summary>
            
            </summary>
        </member>
        <member name="P:HPYL.Model.Shops.AutoAllotOrder">
            <summary>
            
            </summary>
        </member>
        <member name="P:HPYL.Model.Shops.ProvideInvoice">
            <summary>
            
            </summary>
        </member>
        <member name="T:HPYL.Model.SMS.MSMS">
            <summary>
            发送短信模型
            </summary>
        </member>
        <member name="P:HPYL.Model.SMS.MSMS.Phone">
            <summary>
            手机号
            </summary>
        </member>
        <member name="P:HPYL.Model.SMS.MSMS.Message">
            <summary>
            发送消息
            </summary>
        </member>
        <member name="P:HPYL.Model.SMS.MSMS.code">
            <summary>
            发送验证码
            </summary>
        </member>
        <member name="P:HPYL.Model.SMS.MSMS.sigin">
            <summary>
            发送类型
            </summary>
        </member>
        <member name="P:HPYL.Model.SMS.ShortMessage.Returnstatus">
            <summary>
            返回状态值：成功返回Success 失败返回：Faild
            </summary>
        </member>
        <member name="P:HPYL.Model.SMS.ShortMessage.Message">
            <summary>
            相关的错误描述
            </summary>
        </member>
        <member name="P:HPYL.Model.SMS.ShortMessage.Remainpoint">
            <summary>
            返回余额
            </summary>
        </member>
        <member name="P:HPYL.Model.SMS.ShortMessage.TaskID">
            <summary>
            返回本次任务的序列ID
            </summary>
        </member>
        <member name="P:HPYL.Model.SMS.ShortMessage.SuccessCounts">
            <summary>
            成功短信数：当成功后返回提交成功短信数
            </summary>
        </member>
    </members>
</doc>
