<?xml version="1.0"?>
<doc>
    <assembly>
        <name>HPYL_API</name>
    </assembly>
    <members>
        <member name="T:HPYL_API.App_Start.Attribute.ExceptionAttribute">
            <summary>
            异常记录
            </summary>
        </member>
        <member name="M:HPYL_API.App_Start.Attribute.ExceptionAttribute.OnException(System.Web.Http.Filters.HttpActionExecutedContext)">
            <summary>
            重写基类的异常处理方法
            </summary>
            <param name="actionExecutedContext">异常</param>
        </member>
        <member name="T:HPYL_API.App_Start.Attribute.PreventSpamAttribute">
            <summary>
            防止重复提交
            </summary>
        </member>
        <member name="M:HPYL_API.App_Start.Attribute.PreventSpamAttribute.OnActionExecuting(System.Web.Mvc.ActionExecutingContext)">
            <summary>
            间隔提交时间
            </summary>
            <param name="filterContext"></param>
        </member>
        <member name="T:HPYL_API.App_Start.Attribute.TokenAttribute">
            <summary>
            版 本 1.0
            Copyright (c) 2017-2018 北京佰云信息技术有限公司
            创建人：DXL
            日 期：2017-09-09 21:40:37 
            描 述： 
            </summary>
        </member>
        <member name="M:HPYL_API.App_Start.Attribute.TokenAttribute.OnActionExecuting(System.Web.Http.Controllers.HttpActionContext)">
            <summary>
            Filter 校验签名
            </summary>
            <param name="filterContext"></param>
        </member>
        <member name="M:HPYL_API.App_Start.Attribute.TokenAttribute.OnActionExecuted(System.Web.Http.Filters.HttpActionExecutedContext)">
            <summary>
            
            </summary>
            <param name="actionExecutedContext"></param>
        </member>
        <member name="T:HPYL_API.XLAttribute.TimeRunAttribute">
            <summary>
            版 本 1.0
            Copyright (c) 2017-2018 北京佰云信息技术有限公司
            创建人：DXL
            日 期：2017-09-09 21:40:37 
            描 述： 接口运行效率监控
            </summary>
        </member>
        <member name="T:HPYL_API.JsonContentNegotiator">
            <summary>
            
            </summary>
        </member>
        <member name="M:HPYL_API.JsonContentNegotiator.#ctor(System.Net.Http.Formatting.JsonMediaTypeFormatter)">
            <summary>
            
            </summary>
            <param name="formatter"></param>
        </member>
        <member name="M:HPYL_API.JsonContentNegotiator.Negotiate(System.Type,System.Net.Http.HttpRequestMessage,System.Collections.Generic.IEnumerable{System.Net.Http.Formatting.MediaTypeFormatter})">
            <summary>
            
            </summary>
            <param name="type"></param>
            <param name="request"></param>
            <param name="formatters"></param>
            <returns></returns>
        </member>
        <member name="M:HPYL_API.Areas.HelpPage.ApiDescriptionExtensions.GetFriendlyId(System.Web.Http.Description.ApiDescription)">
            <summary>
            Generates an URI-friendly ID for the <see cref="T:System.Web.Http.Description.ApiDescription"/>. E.g. "Get-Values-id_name" instead of "GetValues/{id}?name={name}"
            </summary>
            <param name="description">The <see cref="T:System.Web.Http.Description.ApiDescription"/>.</param>
            <returns>The ID as a string.</returns>
        </member>
        <member name="T:HPYL_API.Areas.HelpPage.HelpPageConfig">
            <summary>
            Use this class to customize the Help Page.
            For example you can set a custom <see cref="T:System.Web.Http.Description.IDocumentationProvider"/> to supply the documentation
            or you can provide the samples for the requests/responses.
            </summary>
        </member>
        <member name="T:HPYL_API.Areas.HelpPage.Controllers.HelpController">
            <summary>
            The controller that will handle requests for the help page.
            </summary>
        </member>
        <member name="M:HPYL_API.Areas.HelpPage.HelpPageConfigurationExtensions.SetDocumentationProvider(System.Web.Http.HttpConfiguration,System.Web.Http.Description.IDocumentationProvider)">
            <summary>
            Sets the documentation provider for help page.
            </summary>
            <param name="config">The <see cref="T:System.Web.Http.HttpConfiguration"/>.</param>
            <param name="documentationProvider">The documentation provider.</param>
        </member>
        <member name="M:HPYL_API.Areas.HelpPage.HelpPageConfigurationExtensions.SetSampleObjects(System.Web.Http.HttpConfiguration,System.Collections.Generic.IDictionary{System.Type,System.Object})">
            <summary>
            Sets the objects that will be used by the formatters to produce sample requests/responses.
            </summary>
            <param name="config">The <see cref="T:System.Web.Http.HttpConfiguration"/>.</param>
            <param name="sampleObjects">The sample objects.</param>
        </member>
        <member name="M:HPYL_API.Areas.HelpPage.HelpPageConfigurationExtensions.SetSampleRequest(System.Web.Http.HttpConfiguration,System.Object,System.Net.Http.Headers.MediaTypeHeaderValue,System.String,System.String)">
            <summary>
            Sets the sample request directly for the specified media type and action.
            </summary>
            <param name="config">The <see cref="T:System.Web.Http.HttpConfiguration"/>.</param>
            <param name="sample">The sample request.</param>
            <param name="mediaType">The media type.</param>
            <param name="controllerName">Name of the controller.</param>
            <param name="actionName">Name of the action.</param>
        </member>
        <member name="M:HPYL_API.Areas.HelpPage.HelpPageConfigurationExtensions.SetSampleRequest(System.Web.Http.HttpConfiguration,System.Object,System.Net.Http.Headers.MediaTypeHeaderValue,System.String,System.String,System.String[])">
            <summary>
            Sets the sample request directly for the specified media type and action with parameters.
            </summary>
            <param name="config">The <see cref="T:System.Web.Http.HttpConfiguration"/>.</param>
            <param name="sample">The sample request.</param>
            <param name="mediaType">The media type.</param>
            <param name="controllerName">Name of the controller.</param>
            <param name="actionName">Name of the action.</param>
            <param name="parameterNames">The parameter names.</param>
        </member>
        <member name="M:HPYL_API.Areas.HelpPage.HelpPageConfigurationExtensions.SetSampleResponse(System.Web.Http.HttpConfiguration,System.Object,System.Net.Http.Headers.MediaTypeHeaderValue,System.String,System.String)">
            <summary>
            Sets the sample request directly for the specified media type of the action.
            </summary>
            <param name="config">The <see cref="T:System.Web.Http.HttpConfiguration"/>.</param>
            <param name="sample">The sample response.</param>
            <param name="mediaType">The media type.</param>
            <param name="controllerName">Name of the controller.</param>
            <param name="actionName">Name of the action.</param>
        </member>
        <member name="M:HPYL_API.Areas.HelpPage.HelpPageConfigurationExtensions.SetSampleResponse(System.Web.Http.HttpConfiguration,System.Object,System.Net.Http.Headers.MediaTypeHeaderValue,System.String,System.String,System.String[])">
            <summary>
            Sets the sample response directly for the specified media type of the action with specific parameters.
            </summary>
            <param name="config">The <see cref="T:System.Web.Http.HttpConfiguration"/>.</param>
            <param name="sample">The sample response.</param>
            <param name="mediaType">The media type.</param>
            <param name="controllerName">Name of the controller.</param>
            <param name="actionName">Name of the action.</param>
            <param name="parameterNames">The parameter names.</param>
        </member>
        <member name="M:HPYL_API.Areas.HelpPage.HelpPageConfigurationExtensions.SetSampleForMediaType(System.Web.Http.HttpConfiguration,System.Object,System.Net.Http.Headers.MediaTypeHeaderValue)">
            <summary>
            Sets the sample directly for all actions with the specified media type.
            </summary>
            <param name="config">The <see cref="T:System.Web.Http.HttpConfiguration"/>.</param>
            <param name="sample">The sample.</param>
            <param name="mediaType">The media type.</param>
        </member>
        <member name="M:HPYL_API.Areas.HelpPage.HelpPageConfigurationExtensions.SetSampleForType(System.Web.Http.HttpConfiguration,System.Object,System.Net.Http.Headers.MediaTypeHeaderValue,System.Type)">
            <summary>
            Sets the sample directly for all actions with the specified type and media type.
            </summary>
            <param name="config">The <see cref="T:System.Web.Http.HttpConfiguration"/>.</param>
            <param name="sample">The sample.</param>
            <param name="mediaType">The media type.</param>
            <param name="type">The parameter type or return type of an action.</param>
        </member>
        <member name="M:HPYL_API.Areas.HelpPage.HelpPageConfigurationExtensions.SetActualRequestType(System.Web.Http.HttpConfiguration,System.Type,System.String,System.String)">
            <summary>
            Specifies the actual type of <see cref="T:System.Net.Http.ObjectContent`1"/> passed to the <see cref="T:System.Net.Http.HttpRequestMessage"/> in an action.
            The help page will use this information to produce more accurate request samples.
            </summary>
            <param name="config">The <see cref="T:System.Web.Http.HttpConfiguration"/>.</param>
            <param name="type">The type.</param>
            <param name="controllerName">Name of the controller.</param>
            <param name="actionName">Name of the action.</param>
        </member>
        <member name="M:HPYL_API.Areas.HelpPage.HelpPageConfigurationExtensions.SetActualRequestType(System.Web.Http.HttpConfiguration,System.Type,System.String,System.String,System.String[])">
            <summary>
            Specifies the actual type of <see cref="T:System.Net.Http.ObjectContent`1"/> passed to the <see cref="T:System.Net.Http.HttpRequestMessage"/> in an action.
            The help page will use this information to produce more accurate request samples.
            </summary>
            <param name="config">The <see cref="T:System.Web.Http.HttpConfiguration"/>.</param>
            <param name="type">The type.</param>
            <param name="controllerName">Name of the controller.</param>
            <param name="actionName">Name of the action.</param>
            <param name="parameterNames">The parameter names.</param>
        </member>
        <member name="M:HPYL_API.Areas.HelpPage.HelpPageConfigurationExtensions.SetActualResponseType(System.Web.Http.HttpConfiguration,System.Type,System.String,System.String)">
            <summary>
            Specifies the actual type of <see cref="T:System.Net.Http.ObjectContent`1"/> returned as part of the <see cref="T:System.Net.Http.HttpRequestMessage"/> in an action.
            The help page will use this information to produce more accurate response samples.
            </summary>
            <param name="config">The <see cref="T:System.Web.Http.HttpConfiguration"/>.</param>
            <param name="type">The type.</param>
            <param name="controllerName">Name of the controller.</param>
            <param name="actionName">Name of the action.</param>
        </member>
        <member name="M:HPYL_API.Areas.HelpPage.HelpPageConfigurationExtensions.SetActualResponseType(System.Web.Http.HttpConfiguration,System.Type,System.String,System.String,System.String[])">
            <summary>
            Specifies the actual type of <see cref="T:System.Net.Http.ObjectContent`1"/> returned as part of the <see cref="T:System.Net.Http.HttpRequestMessage"/> in an action.
            The help page will use this information to produce more accurate response samples.
            </summary>
            <param name="config">The <see cref="T:System.Web.Http.HttpConfiguration"/>.</param>
            <param name="type">The type.</param>
            <param name="controllerName">Name of the controller.</param>
            <param name="actionName">Name of the action.</param>
            <param name="parameterNames">The parameter names.</param>
        </member>
        <member name="M:HPYL_API.Areas.HelpPage.HelpPageConfigurationExtensions.GetHelpPageSampleGenerator(System.Web.Http.HttpConfiguration)">
            <summary>
            Gets the help page sample generator.
            </summary>
            <param name="config">The <see cref="T:System.Web.Http.HttpConfiguration"/>.</param>
            <returns>The help page sample generator.</returns>
        </member>
        <member name="M:HPYL_API.Areas.HelpPage.HelpPageConfigurationExtensions.SetHelpPageSampleGenerator(System.Web.Http.HttpConfiguration,HPYL_API.Areas.HelpPage.HelpPageSampleGenerator)">
            <summary>
            Sets the help page sample generator.
            </summary>
            <param name="config">The <see cref="T:System.Web.Http.HttpConfiguration"/>.</param>
            <param name="sampleGenerator">The help page sample generator.</param>
        </member>
        <member name="M:HPYL_API.Areas.HelpPage.HelpPageConfigurationExtensions.GetModelDescriptionGenerator(System.Web.Http.HttpConfiguration)">
            <summary>
            Gets the model description generator.
            </summary>
            <param name="config">The configuration.</param>
            <returns>The <see cref="T:HPYL_API.Areas.HelpPage.ModelDescriptions.ModelDescriptionGenerator"/></returns>
        </member>
        <member name="M:HPYL_API.Areas.HelpPage.HelpPageConfigurationExtensions.GetHelpPageApiModel(System.Web.Http.HttpConfiguration,System.String)">
            <summary>
            Gets the model that represents an API displayed on the help page. The model is initialized on the first call and cached for subsequent calls.
            </summary>
            <param name="config">The <see cref="T:System.Web.Http.HttpConfiguration"/>.</param>
            <param name="apiDescriptionId">The <see cref="T:System.Web.Http.Description.ApiDescription"/> ID.</param>
            <returns>
            An <see cref="T:HPYL_API.Areas.HelpPage.Models.HelpPageApiModel"/>
            </returns>
        </member>
        <member name="T:HPYL_API.Areas.HelpPage.ModelDescriptions.ModelDescription">
            <summary>
            Describes a type model.
            </summary>
        </member>
        <member name="T:HPYL_API.Areas.HelpPage.ModelDescriptions.ModelDescriptionGenerator">
            <summary>
            Generates model descriptions for given types.
            </summary>
        </member>
        <member name="T:HPYL_API.Areas.HelpPage.ModelDescriptions.ModelNameAttribute">
            <summary>
            Use this attribute to change the name of the <see cref="T:HPYL_API.Areas.HelpPage.ModelDescriptions.ModelDescription"/> generated for a type.
            </summary>
        </member>
        <member name="T:HPYL_API.Areas.HelpPage.Models.HelpPageApiModel">
            <summary>
            The model that represents an API displayed on the help page.
            </summary>
        </member>
        <member name="M:HPYL_API.Areas.HelpPage.Models.HelpPageApiModel.#ctor">
            <summary>
            Initializes a new instance of the <see cref="T:HPYL_API.Areas.HelpPage.Models.HelpPageApiModel"/> class.
            </summary>
        </member>
        <member name="P:HPYL_API.Areas.HelpPage.Models.HelpPageApiModel.ApiDescription">
            <summary>
            Gets or sets the <see cref="P:HPYL_API.Areas.HelpPage.Models.HelpPageApiModel.ApiDescription"/> that describes the API.
            </summary>
        </member>
        <member name="P:HPYL_API.Areas.HelpPage.Models.HelpPageApiModel.UriParameters">
            <summary>
            Gets or sets the <see cref="T:HPYL_API.Areas.HelpPage.ModelDescriptions.ParameterDescription"/> collection that describes the URI parameters for the API.
            </summary>
        </member>
        <member name="P:HPYL_API.Areas.HelpPage.Models.HelpPageApiModel.RequestDocumentation">
            <summary>
            Gets or sets the documentation for the request.
            </summary>
        </member>
        <member name="P:HPYL_API.Areas.HelpPage.Models.HelpPageApiModel.RequestModelDescription">
            <summary>
            Gets or sets the <see cref="T:HPYL_API.Areas.HelpPage.ModelDescriptions.ModelDescription"/> that describes the request body.
            </summary>
        </member>
        <member name="P:HPYL_API.Areas.HelpPage.Models.HelpPageApiModel.RequestBodyParameters">
            <summary>
            Gets the request body parameter descriptions.
            </summary>
        </member>
        <member name="P:HPYL_API.Areas.HelpPage.Models.HelpPageApiModel.ResourceDescription">
            <summary>
            Gets or sets the <see cref="T:HPYL_API.Areas.HelpPage.ModelDescriptions.ModelDescription"/> that describes the resource.
            </summary>
        </member>
        <member name="P:HPYL_API.Areas.HelpPage.Models.HelpPageApiModel.ResourceProperties">
            <summary>
            Gets the resource property descriptions.
            </summary>
        </member>
        <member name="P:HPYL_API.Areas.HelpPage.Models.HelpPageApiModel.SampleRequests">
            <summary>
            Gets the sample requests associated with the API.
            </summary>
        </member>
        <member name="P:HPYL_API.Areas.HelpPage.Models.HelpPageApiModel.SampleResponses">
            <summary>
            Gets the sample responses associated with the API.
            </summary>
        </member>
        <member name="P:HPYL_API.Areas.HelpPage.Models.HelpPageApiModel.ErrorMessages">
            <summary>
            Gets the error messages associated with this model.
            </summary>
        </member>
        <member name="T:HPYL_API.Areas.HelpPage.MultiXmlDocumentationProvider">
            <summary>
            版 本 1.0
            Copyright (c) 2017-2018 北京佰云信息技术有限公司
            创建人：DXL
            日 期：2017-09-09 16:32:30 
            描 述： 
            </summary>
        </member>
        <member name="F:HPYL_API.Areas.HelpPage.MultiXmlDocumentationProvider.Providers">
            <summary>The internal documentation providers for specific files.</summary>  
        </member>
        <member name="M:HPYL_API.Areas.HelpPage.MultiXmlDocumentationProvider.#ctor(System.String[])">
            <summary>Construct an instance.</summary>  
            <param name="paths">The physical paths to the XML documents.</param>  
        </member>
        <member name="M:HPYL_API.Areas.HelpPage.MultiXmlDocumentationProvider.GetDocumentation(System.Reflection.MemberInfo)">
            <summary>Gets the documentation for a subject.</summary>  
            <param name="subject">The subject to document.</param>  
        </member>
        <member name="M:HPYL_API.Areas.HelpPage.MultiXmlDocumentationProvider.GetDocumentation(System.Type)">
            <summary>Gets the documentation for a subject.</summary>  
            <param name="subject">The subject to document.</param>  
        </member>
        <member name="M:HPYL_API.Areas.HelpPage.MultiXmlDocumentationProvider.GetDocumentation(System.Web.Http.Controllers.HttpControllerDescriptor)">
            <summary>Gets the documentation for a subject.</summary>  
            <param name="subject">The subject to document.</param>  
        </member>
        <member name="M:HPYL_API.Areas.HelpPage.MultiXmlDocumentationProvider.GetDocumentation(System.Web.Http.Controllers.HttpActionDescriptor)">
            <summary>Gets the documentation for a subject.</summary>  
            <param name="subject">The subject to document.</param>  
        </member>
        <member name="M:HPYL_API.Areas.HelpPage.MultiXmlDocumentationProvider.GetDocumentation(System.Web.Http.Controllers.HttpParameterDescriptor)">
            <summary>Gets the documentation for a subject.</summary>  
            <param name="subject">The subject to document.</param>  
        </member>
        <member name="M:HPYL_API.Areas.HelpPage.MultiXmlDocumentationProvider.GetResponseDocumentation(System.Web.Http.Controllers.HttpActionDescriptor)">
            <summary>Gets the documentation for a subject.</summary>  
            <param name="subject">The subject to document.</param>  
        </member>
        <member name="M:HPYL_API.Areas.HelpPage.MultiXmlDocumentationProvider.GetFirstMatch(System.Func{HPYL_API.Areas.HelpPage.XmlDocumentationProvider,System.String})">
            <summary>Get the first valid result from the collection of XML documentation providers.</summary>  
            <param name="expr">The method to invoke.</param>  
        </member>
        <member name="T:HPYL_API.Areas.HelpPage.HelpPageSampleGenerator">
            <summary>
            This class will generate the samples for the help page.
            </summary>
        </member>
        <member name="M:HPYL_API.Areas.HelpPage.HelpPageSampleGenerator.#ctor">
            <summary>
            Initializes a new instance of the <see cref="T:HPYL_API.Areas.HelpPage.HelpPageSampleGenerator"/> class.
            </summary>
        </member>
        <member name="P:HPYL_API.Areas.HelpPage.HelpPageSampleGenerator.ActualHttpMessageTypes">
            <summary>
            Gets CLR types that are used as the content of <see cref="T:System.Net.Http.HttpRequestMessage"/> or <see cref="T:System.Net.Http.HttpResponseMessage"/>.
            </summary>
        </member>
        <member name="P:HPYL_API.Areas.HelpPage.HelpPageSampleGenerator.ActionSamples">
            <summary>
            Gets the objects that are used directly as samples for certain actions.
            </summary>
        </member>
        <member name="P:HPYL_API.Areas.HelpPage.HelpPageSampleGenerator.SampleObjects">
            <summary>
            Gets the objects that are serialized as samples by the supported formatters.
            </summary>
        </member>
        <member name="P:HPYL_API.Areas.HelpPage.HelpPageSampleGenerator.SampleObjectFactories">
            <summary>
            Gets factories for the objects that the supported formatters will serialize as samples. Processed in order,
            stopping when the factory successfully returns a non-<see langref="null"/> object.
            </summary>
            <remarks>
            Collection includes just <see cref="M:HPYL_API.Areas.HelpPage.ObjectGenerator.GenerateObject(System.Type)"/> initially. Use
            <code>SampleObjectFactories.Insert(0, func)</code> to provide an override and
            <code>SampleObjectFactories.Add(func)</code> to provide a fallback.</remarks>
        </member>
        <member name="M:HPYL_API.Areas.HelpPage.HelpPageSampleGenerator.GetSampleRequests(System.Web.Http.Description.ApiDescription)">
            <summary>
            Gets the request body samples for a given <see cref="T:System.Web.Http.Description.ApiDescription"/>.
            </summary>
            <param name="api">The <see cref="T:System.Web.Http.Description.ApiDescription"/>.</param>
            <returns>The samples keyed by media type.</returns>
        </member>
        <member name="M:HPYL_API.Areas.HelpPage.HelpPageSampleGenerator.GetSampleResponses(System.Web.Http.Description.ApiDescription)">
            <summary>
            Gets the response body samples for a given <see cref="T:System.Web.Http.Description.ApiDescription"/>.
            </summary>
            <param name="api">The <see cref="T:System.Web.Http.Description.ApiDescription"/>.</param>
            <returns>The samples keyed by media type.</returns>
        </member>
        <member name="M:HPYL_API.Areas.HelpPage.HelpPageSampleGenerator.GetSample(System.Web.Http.Description.ApiDescription,HPYL_API.Areas.HelpPage.SampleDirection)">
            <summary>
            Gets the request or response body samples.
            </summary>
            <param name="api">The <see cref="T:System.Web.Http.Description.ApiDescription"/>.</param>
            <param name="sampleDirection">The value indicating whether the sample is for a request or for a response.</param>
            <returns>The samples keyed by media type.</returns>
        </member>
        <member name="M:HPYL_API.Areas.HelpPage.HelpPageSampleGenerator.GetActionSample(System.String,System.String,System.Collections.Generic.IEnumerable{System.String},System.Type,System.Net.Http.Formatting.MediaTypeFormatter,System.Net.Http.Headers.MediaTypeHeaderValue,HPYL_API.Areas.HelpPage.SampleDirection)">
            <summary>
            Search for samples that are provided directly through <see cref="P:HPYL_API.Areas.HelpPage.HelpPageSampleGenerator.ActionSamples"/>.
            </summary>
            <param name="controllerName">Name of the controller.</param>
            <param name="actionName">Name of the action.</param>
            <param name="parameterNames">The parameter names.</param>
            <param name="type">The CLR type.</param>
            <param name="formatter">The formatter.</param>
            <param name="mediaType">The media type.</param>
            <param name="sampleDirection">The value indicating whether the sample is for a request or for a response.</param>
            <returns>The sample that matches the parameters.</returns>
        </member>
        <member name="M:HPYL_API.Areas.HelpPage.HelpPageSampleGenerator.GetSampleObject(System.Type)">
            <summary>
            Gets the sample object that will be serialized by the formatters. 
            First, it will look at the <see cref="P:HPYL_API.Areas.HelpPage.HelpPageSampleGenerator.SampleObjects"/>. If no sample object is found, it will try to create
            one using <see cref="M:HPYL_API.Areas.HelpPage.HelpPageSampleGenerator.DefaultSampleObjectFactory(HPYL_API.Areas.HelpPage.HelpPageSampleGenerator,System.Type)"/> (which wraps an <see cref="T:HPYL_API.Areas.HelpPage.ObjectGenerator"/>) and other
            factories in <see cref="P:HPYL_API.Areas.HelpPage.HelpPageSampleGenerator.SampleObjectFactories"/>.
            </summary>
            <param name="type">The type.</param>
            <returns>The sample object.</returns>
        </member>
        <member name="M:HPYL_API.Areas.HelpPage.HelpPageSampleGenerator.ResolveHttpRequestMessageType(System.Web.Http.Description.ApiDescription)">
            <summary>
            Resolves the actual type of <see cref="T:System.Net.Http.ObjectContent`1"/> passed to the <see cref="T:System.Net.Http.HttpRequestMessage"/> in an action.
            </summary>
            <param name="api">The <see cref="T:System.Web.Http.Description.ApiDescription"/>.</param>
            <returns>The type.</returns>
        </member>
        <member name="M:HPYL_API.Areas.HelpPage.HelpPageSampleGenerator.ResolveType(System.Web.Http.Description.ApiDescription,System.String,System.String,System.Collections.Generic.IEnumerable{System.String},HPYL_API.Areas.HelpPage.SampleDirection,System.Collections.ObjectModel.Collection{System.Net.Http.Formatting.MediaTypeFormatter}@)">
            <summary>
            Resolves the type of the action parameter or return value when <see cref="T:System.Net.Http.HttpRequestMessage"/> or <see cref="T:System.Net.Http.HttpResponseMessage"/> is used.
            </summary>
            <param name="api">The <see cref="T:System.Web.Http.Description.ApiDescription"/>.</param>
            <param name="controllerName">Name of the controller.</param>
            <param name="actionName">Name of the action.</param>
            <param name="parameterNames">The parameter names.</param>
            <param name="sampleDirection">The value indicating whether the sample is for a request or a response.</param>
            <param name="formatters">The formatters.</param>
        </member>
        <member name="M:HPYL_API.Areas.HelpPage.HelpPageSampleGenerator.WriteSampleObjectUsingFormatter(System.Net.Http.Formatting.MediaTypeFormatter,System.Object,System.Type,System.Net.Http.Headers.MediaTypeHeaderValue)">
            <summary>
            Writes the sample object using formatter.
            </summary>
            <param name="formatter">The formatter.</param>
            <param name="value">The value.</param>
            <param name="type">The type.</param>
            <param name="mediaType">Type of the media.</param>
            <returns></returns>
        </member>
        <member name="T:HPYL_API.Areas.HelpPage.HelpPageSampleKey">
            <summary>
            This is used to identify the place where the sample should be applied.
            </summary>
        </member>
        <member name="M:HPYL_API.Areas.HelpPage.HelpPageSampleKey.#ctor(System.Net.Http.Headers.MediaTypeHeaderValue)">
            <summary>
            Creates a new <see cref="T:HPYL_API.Areas.HelpPage.HelpPageSampleKey"/> based on media type.
            </summary>
            <param name="mediaType">The media type.</param>
        </member>
        <member name="M:HPYL_API.Areas.HelpPage.HelpPageSampleKey.#ctor(System.Net.Http.Headers.MediaTypeHeaderValue,System.Type)">
            <summary>
            Creates a new <see cref="T:HPYL_API.Areas.HelpPage.HelpPageSampleKey"/> based on media type and CLR type.
            </summary>
            <param name="mediaType">The media type.</param>
            <param name="type">The CLR type.</param>
        </member>
        <member name="M:HPYL_API.Areas.HelpPage.HelpPageSampleKey.#ctor(HPYL_API.Areas.HelpPage.SampleDirection,System.String,System.String,System.Collections.Generic.IEnumerable{System.String})">
            <summary>
            Creates a new <see cref="T:HPYL_API.Areas.HelpPage.HelpPageSampleKey"/> based on <see cref="P:HPYL_API.Areas.HelpPage.HelpPageSampleKey.SampleDirection"/>, controller name, action name and parameter names.
            </summary>
            <param name="sampleDirection">The <see cref="P:HPYL_API.Areas.HelpPage.HelpPageSampleKey.SampleDirection"/>.</param>
            <param name="controllerName">Name of the controller.</param>
            <param name="actionName">Name of the action.</param>
            <param name="parameterNames">The parameter names.</param>
        </member>
        <member name="M:HPYL_API.Areas.HelpPage.HelpPageSampleKey.#ctor(System.Net.Http.Headers.MediaTypeHeaderValue,HPYL_API.Areas.HelpPage.SampleDirection,System.String,System.String,System.Collections.Generic.IEnumerable{System.String})">
            <summary>
            Creates a new <see cref="T:HPYL_API.Areas.HelpPage.HelpPageSampleKey"/> based on media type, <see cref="P:HPYL_API.Areas.HelpPage.HelpPageSampleKey.SampleDirection"/>, controller name, action name and parameter names.
            </summary>
            <param name="mediaType">The media type.</param>
            <param name="sampleDirection">The <see cref="P:HPYL_API.Areas.HelpPage.HelpPageSampleKey.SampleDirection"/>.</param>
            <param name="controllerName">Name of the controller.</param>
            <param name="actionName">Name of the action.</param>
            <param name="parameterNames">The parameter names.</param>
        </member>
        <member name="P:HPYL_API.Areas.HelpPage.HelpPageSampleKey.ControllerName">
            <summary>
            Gets the name of the controller.
            </summary>
            <value>
            The name of the controller.
            </value>
        </member>
        <member name="P:HPYL_API.Areas.HelpPage.HelpPageSampleKey.ActionName">
            <summary>
            Gets the name of the action.
            </summary>
            <value>
            The name of the action.
            </value>
        </member>
        <member name="P:HPYL_API.Areas.HelpPage.HelpPageSampleKey.MediaType">
            <summary>
            Gets the media type.
            </summary>
            <value>
            The media type.
            </value>
        </member>
        <member name="P:HPYL_API.Areas.HelpPage.HelpPageSampleKey.ParameterNames">
            <summary>
            Gets the parameter names.
            </summary>
        </member>
        <member name="P:HPYL_API.Areas.HelpPage.HelpPageSampleKey.SampleDirection">
            <summary>
            Gets the <see cref="P:HPYL_API.Areas.HelpPage.HelpPageSampleKey.SampleDirection"/>.
            </summary>
        </member>
        <member name="T:HPYL_API.Areas.HelpPage.ImageSample">
            <summary>
            This represents an image sample on the help page. There's a display template named ImageSample associated with this class.
            </summary>
        </member>
        <member name="M:HPYL_API.Areas.HelpPage.ImageSample.#ctor(System.String)">
            <summary>
            Initializes a new instance of the <see cref="T:HPYL_API.Areas.HelpPage.ImageSample"/> class.
            </summary>
            <param name="src">The URL of an image.</param>
        </member>
        <member name="T:HPYL_API.Areas.HelpPage.InvalidSample">
            <summary>
            This represents an invalid sample on the help page. There's a display template named InvalidSample associated with this class.
            </summary>
        </member>
        <member name="T:HPYL_API.Areas.HelpPage.ObjectGenerator">
            <summary>
            This class will create an object of a given type and populate it with sample data.
            </summary>
        </member>
        <member name="M:HPYL_API.Areas.HelpPage.ObjectGenerator.GenerateObject(System.Type)">
            <summary>
            Generates an object for a given type. The type needs to be public, have a public default constructor and settable public properties/fields. Currently it supports the following types:
            Simple types: <see cref="T:System.Int32"/>, <see cref="T:System.String"/>, <see cref="T:System.Enum"/>, <see cref="T:System.DateTime"/>, <see cref="T:System.Uri"/>, etc.
            Complex types: POCO types.
            Nullables: <see cref="T:System.Nullable`1"/>.
            Arrays: arrays of simple types or complex types.
            Key value pairs: <see cref="T:System.Collections.Generic.KeyValuePair`2"/>
            Tuples: <see cref="T:System.Tuple`1"/>, <see cref="T:System.Tuple`2"/>, etc
            Dictionaries: <see cref="T:System.Collections.Generic.IDictionary`2"/> or anything deriving from <see cref="T:System.Collections.Generic.IDictionary`2"/>.
            Collections: <see cref="T:System.Collections.Generic.IList`1"/>, <see cref="T:System.Collections.Generic.IEnumerable`1"/>, <see cref="T:System.Collections.Generic.ICollection`1"/>, <see cref="T:System.Collections.IList"/>, <see cref="T:System.Collections.IEnumerable"/>, <see cref="T:System.Collections.ICollection"/> or anything deriving from <see cref="T:System.Collections.Generic.ICollection`1"/> or <see cref="T:System.Collections.IList"/>.
            Queryables: <see cref="T:System.Linq.IQueryable"/>, <see cref="T:System.Linq.IQueryable`1"/>.
            </summary>
            <param name="type">The type.</param>
            <returns>An object of the given type.</returns>
        </member>
        <member name="T:HPYL_API.Areas.HelpPage.SampleDirection">
            <summary>
            Indicates whether the sample is used for request or response
            </summary>
        </member>
        <member name="T:HPYL_API.Areas.HelpPage.TextSample">
            <summary>
            This represents a preformatted text sample on the help page. There's a display template named TextSample associated with this class.
            </summary>
        </member>
        <member name="T:HPYL_API.Areas.HelpPage.XmlDocumentationProvider">
            <summary>
            A custom <see cref="T:System.Web.Http.Description.IDocumentationProvider"/> that reads the API documentation from an XML documentation file.
            </summary>
        </member>
        <member name="M:HPYL_API.Areas.HelpPage.XmlDocumentationProvider.#ctor(System.String)">
            <summary>
            Initializes a new instance of the <see cref="T:HPYL_API.Areas.HelpPage.XmlDocumentationProvider"/> class.
            </summary>
            <param name="documentPath">The physical path to XML document.</param>
        </member>
        <member name="T:HPYL_API.Controllers.AgreementController">
            <summary>
            协议控制器
            </summary>
        </member>
        <member name="M:HPYL_API.Controllers.AgreementController.Getagmt(System.String,System.String,System.String)">
            <summary>
            获取协议
            </summary>
            <param name="AgID">医生登录服务协议 AgID=1 诊所入住协议 AgID=2 关于我们 AgID=4</param>
            <param name="Sign"></param>
            <param name="Ts"></param>
            <returns></returns>
        </member>
        <member name="T:HPYL_API.Controllers.ArticleCategoriesController">
            <summary>
            资讯分类控制器
            </summary>
        </member>
        <member name="M:HPYL_API.Controllers.ArticleCategoriesController.List(System.String,System.String,System.String)">
            <summary>
            资讯分类列表
            </summary>
            <param name="NewsClass">1	患者知识 2	职称分类 3 专业分类 4 年限分类</param>
            <param name="Sign"></param>
            <param name="Ts"></param>
            <returns></returns>
        </member>
        <member name="M:HPYL_API.Controllers.ArticleCategoriesController.Detail(System.String,System.String,System.String)">
            <summary>
            分类详情
            </summary>
            <param name="ClassId"></param>
            <param name="Sign"></param>
            <param name="Ts"></param>
            <returns></returns>
        </member>
        <member name="T:HPYL_API.Controllers.ArticlesController">
            <summary>
            新闻控制器
            </summary>
        </member>
        <member name="M:HPYL_API.Controllers.ArticlesController.List(System.String,System.Int32,System.Int32)">
            <summary>
            资讯列表
            </summary>
            <param name="NewsClass"></param>
            <param name="page"></param>
            <param name="pagesize"></param>
            <returns></returns>
        </member>
        <member name="M:HPYL_API.Controllers.ArticlesController.Detail(System.String)">
            <summary>
            新闻详情
            </summary>
            <param name="NewsId"></param>
            <returns></returns>
        </member>
        <member name="T:HPYL_API.Controllers.CalendarController">
            <summary>
            日程
            </summary>
        </member>
        <member name="M:HPYL_API.Controllers.CalendarController.GetCalendarList(System.Int32,System.Int32,System.Int64,System.Int64)">
            <summary>
            获取每月接诊数(日程日历每日数据统计)
            </summary>
            <param name="year">当前选择年份 格式如2018</param>
            <param name="month">当前选择月份 格式如1</param>
            <param name="userid">当前登录医生ID</param>
            <param name="clientId">当前诊所ID</param>
            <returns></returns>
        </member>
        <member name="M:HPYL_API.Controllers.CalendarController.GetDayTimeList(System.Int32,System.Int32,System.Int32,System.Int64,System.Int64)">
            <summary>
            获取选择日期预约时间段的统计情况 
            </summary>
            <param name="year">当前选择的年份 如2018</param>
            <param name="month">当前选择的月份 如01</param>
            <param name="day">当前选择的日 如11</param>
            <param name="userid">当前医生ID</param>
            <param name="clientId">当前诊所ID</param>
            <returns></returns>
        </member>
        <member name="M:HPYL_API.Controllers.CalendarController.GetDayBookingList(System.Int32,System.Int32,System.Int32,System.Int64,System.Int64)">
            <summary>
            获取选择日期的预约用户列表
            </summary>
            <param name="year">当前选择的年份 如2018</param>
            <param name="month">当前选择的月份 如01</param>
            <param name="day">当前选择的日 如11</param>
            <param name="userid">当前医生ID</param>
            <param name="clientId">当前诊所ID</param>
            <returns></returns>
        </member>
        <member name="M:HPYL_API.Controllers.CalendarController.GetCustomDay(System.Int32,System.Int32,System.Int32,System.Int64,System.Int64)">
            <summary>
            获取用户【日期】接诊设置（周排班上面功能模块）,可以任选一天进来设置接诊
            </summary>
            <param name="year">当前选择的年份 如2018</param>
            <param name="month">当前选择的月份 如01</param>
            <param name="day">当前选择的日 如11</param>
            <param name="userid">当前医生ID</param>
            <param name="clientId">当前诊所ID</param>
            <returns></returns>
        </member>
        <member name="M:HPYL_API.Controllers.CalendarController.GetSystemWeek(System.Int64,System.Int64)">
            <summary>
            获取用户【周模板】接诊设置 ,周一至周日
            </summary>
            <param name="userid">当前医生ID</param>
            <param name="clientId">当前诊所ID</param>
            <returns></returns>
        </member>
        <member name="M:HPYL_API.Controllers.CalendarController.GetOrderView(System.Int64,System.Int64)">
            <summary>
            获取预约单详情
            </summary>
            <param name="userid">当前登录医生ID</param>
            <param name="orderid">当前订单ID</param>
            <returns></returns>
        </member>
        <member name="M:HPYL_API.Controllers.CalendarController.SaveState(HPYL.Model.PostDateState)">
            <summary>
            修改【日期】接诊状态(针对某年某月某日的设置)
            </summary>
            <param name="info"></param>
            <returns></returns>
        </member>
        <member name="M:HPYL_API.Controllers.CalendarController.SaveDateNum(HPYL.Model.PostDateTime)">
            <summary>
            修改【日期】排班接诊数量(针对某年某月某日的设置)
            </summary>
            <param name="info"></param>
            <returns></returns>
        </member>
        <member name="M:HPYL_API.Controllers.CalendarController.SaveWeekNum(HPYL.Model.PostWeekNum)">
            <summary>
            修改【周模板】接诊数量 （针对周一至周日的设置）
            </summary>
            <param name="info"></param>
            <returns></returns>
        </member>
        <member name="M:HPYL_API.Controllers.CalendarController.SaveWeekState(HPYL.Model.PostWeekState)">
            <summary>
            修改【周模板】接诊状态 （针对周一至周日的设置）
            </summary>
            <param name="info"></param>
            <returns></returns>
        </member>
        <member name="M:HPYL_API.Controllers.CalendarController.InOrder(HPYL.Model.OrderModel)">
            <summary>
            添加预约单
            </summary>
            <param name="info"></param>
            <returns></returns>
        </member>
        <member name="M:HPYL_API.Controllers.CalendarController.CancelOrder(HPYL.Model.InfoToUser)">
            <summary>
            取消预约单
            </summary>
            <param name="info"></param>
            <returns></returns>
        </member>
        <member name="T:HPYL_API.Controllers.DoctorAdvice.DoctorAdviceController">
            <summary>
            医嘱计划
            </summary>
        </member>
        <member name="M:HPYL_API.Controllers.DoctorAdvice.DoctorAdviceController.GetAdviceArticleList(System.Int64)">
            <summary>
            获取诊疗项目医嘱内容模板列表
            </summary>
            <param name="HFT_ID">诊疗项目Id</param>
            <returns></returns>
        </member>
        <member name="M:HPYL_API.Controllers.DoctorAdvice.DoctorAdviceController.GetDoctorFollowContent(System.Int64)">
            <summary>
            获取单条医嘱内容及计划
            </summary>
            <param name="HAA_ID">文章ID（内容模板列表返回）</param>
            <returns></returns>
        </member>
        <member name="M:HPYL_API.Controllers.DoctorAdvice.DoctorAdviceController.InFollowPlan(HPYL.Model.BaseDoctorFollowPlan)">
            <summary>
            新增医嘱随访计划（如果发送医嘱选择关联随访计划请调用此接口写入）
            </summary>
            <param name="info"></param>
            <returns></returns>
        </member>
        <member name="T:HPYL_API.Controllers.FollowPlanController">
            <summary>
            随访计划
            </summary>
        </member>
        <member name="M:HPYL_API.Controllers.FollowPlanController.GetFollowTemPlateList(System.Int64)">
            <summary>
            获取诊疗项目随访计划模板
            </summary>
            <param name="HFT_ID">诊疗项目Id</param>
            <returns></returns>
        </member>
        <member name="M:HPYL_API.Controllers.FollowPlanController.GetTemPlateContent(System.Int64)">
            <summary>
            获取新增随访计划内容、默认开始时间，(随访计划名称、医生、患者、提醒方式操作者自己代入)
            </summary>
            <param name="HTP_ID">模板Id</param>
            <returns></returns>
        </member>
        <member name="M:HPYL_API.Controllers.FollowPlanController.GetPlateContent(System.Int64)">
            <summary>
            获取单条随访计划信息
            </summary>
            <param name="HFP_ID">信息标识ID 随访计划列表有返回</param>
            <returns></returns>
        </member>
        <member name="M:HPYL_API.Controllers.FollowPlanController.MyFollowPlanList(System.Int64,System.Int32,System.Int32)">
            <summary>
            我的随访计划信息列表
            </summary>
            <param name="UserId">当前用户</param>
            <returns></returns>
        </member>
        <member name="M:HPYL_API.Controllers.FollowPlanController.InFollowPlan(HPYL.Model.BaseFollowPlan)">
            <summary>
            新增随访计划
            </summary>
            <param name="info"></param>
            <returns></returns>
        </member>
        <member name="M:HPYL_API.Controllers.FollowPlanController.ChangeFollowPlan(HPYL.Model.FollowPlan)">
            <summary>
            更改随访计划,更改前通过GetPlateContent接口先获取原有数据
            </summary>
            <param name="info"></param>
            <returns></returns>
        </member>
        <member name="M:HPYL_API.Controllers.FollowPlanController.DelFollowPlan(HPYL.Model.InfoToUser)">
            <summary>
            删除模板计划（KeyId为 HFP_ID 列表有返回）
            </summary>
            <returns></returns>
        </member>
        <member name="T:HPYL_API.Controllers.FollowType.FollowTypeController">
            <summary>
            诊所项目类
            </summary>
        </member>
        <member name="M:HPYL_API.Controllers.FollowType.FollowTypeController.FollowTypeJoinList(System.Int64,System.Int64)">
            <summary>
            获取诊疗项目一级分类+二级用户分类
            </summary>
            <param name="ClinicId">诊所ID</param>
            <param name="UID">当前登录用户ID</param>
            <returns></returns>
        </member>
        <member name="M:HPYL_API.Controllers.FollowType.FollowTypeController.FollowTypeList(System.Int64)">
            <summary>
            获取诊疗项目一级分类(ClinicId 诊所ID)
            </summary>
            <param name="ClinicId">诊所ID</param>
            <returns></returns>
        </member>
        <member name="M:HPYL_API.Controllers.FollowType.FollowTypeController.FollowTypeSecondList(System.Int64,System.Int64,System.Int64)">
            <summary>
            获取诊疗项目2级分类
            </summary>
            <param name="ClinicId">诊所ID</param>
            <param name="UID">当前登录用户ID</param>
            <param name="ParentId">父类ID</param>
            <returns></returns>
        </member>
        <member name="M:HPYL_API.Controllers.FollowType.FollowTypeController.InFollowPlan(HPYL.Model.ProjectPost)">
            <summary>
            添加诊疗项目
            </summary>
            <param name="info"></param>
            <returns></returns>
        </member>
        <member name="T:HPYL_API.Controllers.MembersController">
            <summary>
            用户控制器
            </summary>
        </member>
        <member name="M:HPYL_API.Controllers.MembersController.ExistsUser(System.String,System.String,System.String)">
            <summary>
            帐号是否存在
            </summary>
            <param name="UserName"></param>
            <param name="Sign"></param>
            <param name="Ts"></param>
            <returns></returns>
        </member>
        <member name="M:HPYL_API.Controllers.MembersController.MembersLogin(HPYL.Model.LoginMembers)">
            <summary>
            用户登陆
            </summary>
            <param name="obj">RoleId 0未审核 1已通过 2已注销 3 患者身份</param>
            <returns></returns>
        </member>
        <member name="M:HPYL_API.Controllers.MembersController.Register(HPYL.Model.MRegister)">
            <summary>
            申请成为医生
            </summary>
            <param name="obj"></param>
            <returns>Result 1 成功  2失败</returns>
        </member>
        <member name="M:HPYL_API.Controllers.MembersController.GetMemberCard(System.String,System.String,System.String)">
            <summary>
            我的名片
            </summary>
            <param name="UserId">用户ID</param>
            <param name="Sign"></param>
            <param name="Ts"></param>
            <returns></returns>
        </member>
        <member name="M:HPYL_API.Controllers.MembersController.AddPatient(HPYL.Model.MPatient)">
            <summary>
            新建患者
            </summary>
            <param name="obj"></param>
            <returns>Result 0 失败 1 成功  2手机号存在</returns>
        </member>
        <member name="T:HPYL_API.Controllers.QuickReply.QuickReplyController">
            <summary>
            快捷回复
            </summary>
        </member>
        <member name="M:HPYL_API.Controllers.QuickReply.QuickReplyController.QuickReplyList(System.Int64)">
            <summary>
            获取快捷回复
            </summary>
            <param name="UserID">当前登录用户</param>
            <returns></returns>
        </member>
        <member name="M:HPYL_API.Controllers.QuickReply.QuickReplyController.GetModel(System.Int64,System.Int64)">
            <summary>
            获取快捷回复对象
            </summary>
            <param name="HQR_ID">标识列 列表有返回</param>
            <param name="UserId">当前登录用户</param>
            <returns></returns>
        </member>
        <member name="M:HPYL_API.Controllers.QuickReply.QuickReplyController.InQuickReply(HPYL.Model.BaseQuickReply)">
            <summary>
            新增快捷回复
            </summary>
            <param name="info"></param>
            <returns></returns>
        </member>
        <member name="M:HPYL_API.Controllers.QuickReply.QuickReplyController.Change(HPYL.Model.QuickReply)">
            <summary>
            更改快捷回复,更改前通过GetModel接口先获取原有数据
            </summary>
            <param name="info"></param>
            <returns></returns>
        </member>
        <member name="M:HPYL_API.Controllers.QuickReply.QuickReplyController.Del(HPYL.Model.InfoToUser)">
            <summary>
            删除快捷回复（KeyId为 HQR_ID 列表有返回）
            </summary>
            <returns></returns>
        </member>
        <member name="T:HPYL_API.Controllers.RecruitPlan.RecruitPlanController">
            <summary>
            申请医生协议控制器
            </summary>
        </member>
        <member name="M:HPYL_API.Controllers.RecruitPlan.RecruitPlanController.RecruitPlanContent(System.String,System.String,System.String)">
            <summary>
            申请医生协议 
            </summary>
            <param name="Id">参考值 id=2</param>
            <param name="Sign"></param>
            <param name="Ts"></param>
            <returns></returns>
        </member>
        <member name="T:HPYL_API.Controllers.Referral.ReferralController">
            <summary>
            转诊
            </summary>
        </member>
        <member name="M:HPYL_API.Controllers.Referral.ReferralController.InReferral(HPYL.Model.BaseReferrallog)">
            <summary>
            新增转诊
            </summary>
            <param name="info"></param>
            <returns></returns>
        </member>
        <member name="T:HPYL_API.Controllers.ShopbranchController">
            <summary>
            医生控制器
            </summary>
        </member>
        <member name="M:HPYL_API.Controllers.ShopbranchController.List(System.String,System.String,System.String)">
            <summary>
            获取数据列表
            </summary>
            <param name="Where"></param>
            <param name="Sign"></param>
            <param name="Ts"></param>
            <returns></returns>
        </member>
        <member name="M:HPYL_API.Controllers.ShopbranchController.Detail(System.String,System.String,System.String)">
            <summary>
            单个数据详情
            </summary>
            <param name="Ids"></param>
            <param name="Sign"></param>
            <param name="Ts"></param>
            <returns></returns>
        </member>
        <member name="T:HPYL_API.Controllers.ShopcategoriesController">
            <summary>
            诊所分类控制器
            </summary>
        </member>
        <member name="T:HPYL_API.Controllers.ShopsController">
            <summary>
            诊所控制器
            </summary>
        </member>
        <member name="M:HPYL_API.Controllers.ShopsController.List(System.String,System.String,System.String)">
            <summary>
            获取数据列表
            </summary>
            <param name="Where"></param>
            <param name="Sign"></param>
            <param name="Ts"></param>
            <returns></returns>
        </member>
        <member name="M:HPYL_API.Controllers.ShopsController.Detail(System.String,System.String,System.String)">
            <summary>
            单个数据详情
            </summary>
            <param name="Ids"></param>
            <param name="Sign"></param>
            <param name="Ts"></param>
            <returns></returns>
        </member>
        <member name="T:HPYL_API.Controllers.SMSController">
            <summary>
            短信控制器
            </summary>
        </member>
        <member name="M:HPYL_API.Controllers.SMSController.Send(HPYL.Model.SMS.MSMS)">
            <summary>
            发送短信
            </summary>
            <param name="obj">'login'</param>
            <returns></returns>
        </member>
        <member name="M:HPYL_API.Controllers.SMSController.SendCode(HPYL.Model.SMS.MSMS)">
            <summary>
            发送短信
            </summary>
            <param name="obj">phone(手机号),sigin:短信标示如（login、pwd）</param>
            <returns></returns>
        </member>
        <member name="M:HPYL_API.Controllers.SMSController.SendLogin(HPYL.Model.SMS.MSMS)">
            <summary>
            动态登录获取验证码
            </summary>
            <param name="obj">参数：Phone</param>
            <returns></returns>
        </member>
        <member name="M:HPYL_API.Controllers.SMSController.CodeValidate(HPYL.Model.SMS.MSMS)">
            <summary>
             验证码验证
            </summary>
            <param name="obj">参数：Phone,code,sigin标示</param>
            <returns></returns>
        </member>
        <member name="F:HPYL_API.WebForm1.form1">
            <summary>
            form1 控件。
            </summary>
            <remarks>
            自动生成的字段。
            若要进行修改，请将字段声明从设计器文件移到代码隐藏文件。
            </remarks>
        </member>
        <member name="F:HPYL_API.WebForm1.Button1">
            <summary>
            Button1 控件。
            </summary>
            <remarks>
            自动生成的字段。
            若要进行修改，请将字段声明从设计器文件移到代码隐藏文件。
            </remarks>
        </member>
    </members>
</doc>
